product_instance_id,customer_id,product_id,activation_date,termination_date,status,distribution
1,1,10,2022-02-22,----------,active,web
2,1,13,2022-04-12,----------,active,web
3,1,16,2021-10-12,----------,active,web
4,2,9,2022-03-17,----------,active,web
5,3,3,2022-03-18,----------,active,web
6,3,5,2022-04-08,----------,active,web
7,3,7,2022-04-28,----------,active,web
8,4,10,2022-02-15,----------,active,web
9,4,13,2022-05-16,----------,active,phyzical
10,4,3,2022-04-07,----------,active,phyzical
11,5,14,2022-05-13,----------,active,phyzical
12,6,10,2022-05-19,----------,active,phyzical
13,6,11,2022-05-19,----------,active,web
14,7,10,2021-08-17,----------,active,web
15,7,10,2020-11-12,2022-05-05,inactive,web
16,7,12,2021-01-14,2021-11-18,inactive,phyzical
17,8,18,2021-02-03,----------,active,web
18,8,4,2021-03-11,----------,active,web
19,9,17,2022-03-12,----------,active,phyzical
20,10,3,2021-05-10,----------,active,web
21,11,3,2021-08-15,2021-10-04,inactive,web
22,11,10,2021-08-14,----------,active,web
23,12,14,2022-01-13,----------,active,web
24,12,14,2022-03-15,----------,active,web
25,13,10,2021-05-16,2021-12-20,inactive,web
26,13,11,2021-12-16,----------,active,web
27,14,10,2021-08-23,----------,active,web
28,14,11,2022-01-15,----------,active,web
29,14,3,2021-10-01,----------,active,phyzical
30,15,10,2022-01-30,----------,active,phyzical
31,15,11,2022-04-28,----------,active,web
32,15,4,2022-01-30,----------,active,web
33,16,10,2021-12-08,----------,active,web
34,16,11,2022-04-13,----------,active,web
35,17,1,2022-04-12,----------,active,web
36,17,2,2022-04-24,----------,active,phyzical
37,18,10,2021-11-11,----------,active,phyzical
38,18,13,2022-02-10,----------,active,web
39,19,10,2021-04-07,----------,active,web
40,19,18,2021-04-15,----------,active,web
41,20,19,2021-03-20,2022-04-28,inactive,web
42,20,17,2022-01-12,----------,active,web
43,21,5,2022-03-03,----------,active,phyzical
44,21,6,2022-05-06,----------,active,web
45,21,1,2021-06-12,----------,active,web
46,21,2,2022-02-09,----------,active,phyzical
47,22,17,2022-05-16,----------,active,web
48,23,19,2021-06-09,----------,active,web
49,23,20,2021-11-17,----------,active,web
50,24,4,2021-09-16,2021-12-13,inactive,web
51,25,1,2020-08-31,----------,active,phyzical
52,25,2,2021-09-12,----------,active,web
53,26,5,2020-06-19,2020-10-08,inactive,web
54,26,7,2020-10-04,----------,active,phyzical
55,26,14,2021-03-24,----------,active,web
56,27,5,2022-04-25,----------,active,web
57,28,10,2020-10-11,----------,active,web
58,28,11,2022-03-17,----------,active,web
59,28,5,2021-04-10,----------,active,web
60,28,7,2022-02-03,----------,active,phyzical
61,29,5,2021-12-08,----------,active,phyzical
62,29,10,2021-08-27,----------,active,web
63,29,12,2021-11-20,----------,active,web
64,30,18,2021-03-14,----------,active,phyzical
65,31,5,2021-05-06,----------,active,phyzical
66,31,19,2022-05-12,----------,active,phyzical
67,31,20,2022-05-12,----------,active,phyzical
68,32,9,2021-01-25,----------,active,web
69,33,19,2020-07-10,2021-07-03,inactive,web
70,33,20,2020-08-22,2021-03-26,inactive,phyzical
71,33,1,2021-07-27,----------,active,web
72,33,2,2022-04-30,----------,active,phyzical
73,34,10,2022-01-17,----------,active,web
74,34,13,2022-04-24,----------,active,phyzical
75,35,10,2020-11-23,----------,active,web
76,35,13,2021-08-21,----------,active,web
77,36,17,2022-05-08,----------,active,web
78,36,8,2021-02-06,----------,active,phyzical
79,37,5,2021-03-25,----------,active,web
80,37,7,2021-09-06,----------,active,phyzical
81,38,18,2022-04-25,----------,active,phyzical
82,38,14,2022-05-07,----------,active,web
83,38,15,2022-05-07,----------,active,web
84,39,10,2021-02-23,----------,active,web
85,39,12,2022-02-20,----------,active,web
86,39,19,2020-11-22,2021-06-17,inactive,web
87,39,20,2021-06-02,----------,active,web
88,40,18,2021-08-30,----------,active,web
89,40,10,2021-07-17,----------,active,phyzical
90,40,13,2022-05-15,----------,active,web
91,41,1,2021-12-31,----------,active,phyzical
92,42,17,2022-01-04,----------,active,web
93,42,16,2021-10-11,----------,active,web
94,43,8,2022-04-21,----------,active,web
95,43,14,2022-02-24,----------,active,phyzical
96,44,4,2021-11-14,----------,active,phyzical
97,45,10,2022-05-09,----------,active,phyzical
98,45,12,2022-05-09,----------,active,web
99,45,14,2022-05-14,----------,active,web
100,45,15,2022-05-14,----------,active,web
101,46,14,2020-12-30,----------,active,web
102,47,10,2021-08-17,----------,active,phyzical
103,47,13,2022-03-01,----------,active,web
104,48,10,2022-01-28,----------,active,phyzical
105,48,13,2022-04-17,----------,active,phyzical
106,48,19,2022-04-02,----------,active,web
107,48,20,2022-05-18,----------,active,web
108,49,8,2022-03-11,----------,active,web
109,49,10,2022-01-03,----------,active,phyzical
110,49,11,2022-04-27,----------,active,web
111,50,17,2022-01-13,----------,active,phyzical
112,51,5,2022-03-25,----------,active,web
113,51,19,2022-01-09,----------,active,web
114,51,20,2022-03-03,2022-04-13,inactive,phyzical
115,52,19,2021-12-08,----------,active,phyzical
116,52,20,2022-05-04,----------,active,web
117,52,10,2021-12-05,----------,active,web
118,52,13,2021-12-27,----------,active,phyzical
119,53,10,2022-02-05,2022-05-12,inactive,web
120,53,11,2022-02-06,2022-03-11,inactive,web
121,53,9,2022-04-21,----------,active,web
122,54,19,2021-02-14,----------,active,web
123,54,3,2022-02-19,----------,active,web
124,55,5,2020-08-05,----------,active,web
125,55,6,2020-11-19,----------,active,web
126,55,3,2020-10-23,2021-09-21,inactive,web
127,56,5,2021-12-16,----------,active,phyzical
128,56,7,2022-01-03,----------,active,phyzical
129,57,5,2021-12-03,2022-03-19,inactive,web
130,57,7,2021-12-25,2022-02-14,inactive,web
131,57,10,2022-01-03,----------,active,phyzical
132,57,13,2022-04-27,----------,active,web
133,58,5,2020-11-15,----------,active,web
134,58,6,2022-01-24,----------,active,web
135,58,1,2021-09-30,----------,active,web
136,59,4,2022-05-18,----------,active,web
137,60,1,2022-03-21,----------,active,phyzical
138,61,10,2022-05-09,----------,active,web
139,61,3,2022-03-07,----------,active,web
140,62,10,2021-12-30,----------,active,web
141,62,11,2022-04-14,----------,active,web
142,63,10,2022-03-07,----------,active,phyzical
143,63,11,2022-05-11,----------,active,web
144,64,8,2022-03-01,----------,active,phyzical
145,65,1,2022-02-09,----------,active,web
146,66,17,2022-03-19,----------,active,web
147,67,5,2022-01-18,----------,active,phyzical
148,67,6,2022-04-28,----------,active,web
149,68,5,2021-07-13,----------,active,web
150,68,7,2021-09-19,----------,active,web
151,69,19,2021-11-13,----------,active,phyzical
152,69,10,2021-11-17,----------,active,web
153,69,11,2022-01-14,----------,active,web
154,70,14,2021-05-08,----------,active,web
155,71,19,2021-10-19,----------,active,phyzical
156,71,20,2022-03-03,----------,active,web
157,71,19,2021-12-17,----------,active,web
158,71,20,2022-01-11,----------,active,phyzical
159,72,5,2021-10-06,----------,active,web
160,72,6,2022-02-11,----------,active,web
161,72,9,2021-09-25,----------,active,phyzical
162,73,10,2021-06-09,2021-07-11,inactive,web
163,73,11,2021-07-10,----------,active,web
164,73,17,2021-01-21,2021-10-17,inactive,web
165,74,10,2021-01-18,----------,active,web
166,74,16,2021-02-17,----------,active,web
167,75,14,2022-01-17,----------,active,phyzical
168,76,19,2022-01-24,----------,active,phyzical
169,76,5,2022-05-14,----------,active,web
170,76,6,2022-05-14,----------,active,phyzical
171,77,8,2020-05-30,2021-10-02,inactive,phyzical
172,78,9,2022-04-13,----------,active,web
173,78,10,2022-04-06,----------,active,web
174,78,11,2022-05-10,----------,active,phyzical
175,79,14,2021-05-01,----------,active,phyzical
176,79,18,2020-12-24,2021-07-17,inactive,phyzical
177,80,1,2022-03-25,----------,active,phyzical
178,80,2,2022-03-28,----------,active,web
179,81,14,2022-04-20,----------,active,phyzical
180,81,15,2022-04-20,----------,active,web
181,82,1,2021-10-15,2021-11-23,inactive,phyzical
182,82,2,2021-11-02,----------,active,web
183,82,16,2021-01-09,2021-05-22,inactive,web
184,83,5,2022-04-19,----------,active,web
185,83,6,2022-04-19,----------,active,web
186,84,10,2022-03-06,----------,active,web
187,85,5,2021-03-27,----------,active,web
188,86,14,2022-05-04,----------,active,web
189,86,15,2022-05-04,----------,active,web
190,86,4,2022-05-18,----------,active,phyzical
191,87,19,2021-06-16,----------,active,web
192,87,5,2020-12-06,----------,active,web
193,87,6,2022-04-29,----------,active,phyzical
194,88,5,2021-07-08,----------,active,phyzical
195,88,6,2021-12-02,----------,active,web
196,89,4,2022-04-24,----------,active,phyzical
197,89,5,2022-05-08,----------,active,web
198,89,7,2022-05-08,----------,active,web
199,90,18,2022-01-20,----------,active,web
200,90,5,2022-05-08,----------,active,web
201,90,7,2022-05-08,----------,active,phyzical
202,91,10,2021-02-07,2021-06-08,inactive,web
203,91,13,2021-04-29,----------,active,web
204,91,5,2020-12-26,2021-03-01,inactive,web
205,91,6,2020-12-27,----------,active,web
206,92,5,2022-02-10,----------,active,web
207,93,17,2022-01-28,----------,active,web
208,93,10,2022-01-12,----------,active,web
209,94,10,2021-06-05,----------,active,phyzical
210,94,11,2021-12-17,----------,active,phyzical
211,95,3,2021-10-15,----------,active,web
212,96,1,2021-05-16,----------,active,phyzical
213,96,2,2021-09-29,----------,active,phyzical
214,97,1,2022-04-17,----------,active,web
215,97,2,2022-04-30,----------,active,web
216,98,5,2021-08-24,----------,active,phyzical
217,98,7,2021-11-20,----------,active,web
218,98,18,2021-07-27,----------,active,phyzical
219,99,14,2021-11-03,----------,active,web
220,99,15,2022-01-04,----------,active,web
221,100,16,2021-07-09,----------,active,phyzical
222,100,17,2022-04-14,----------,active,web
223,101,14,2020-11-07,----------,active,phyzical
224,101,5,2021-09-25,----------,active,web
225,102,3,2022-02-13,----------,active,phyzical
226,102,14,2020-10-25,----------,active,phyzical
227,102,15,2021-08-01,----------,active,web
228,103,17,2022-04-30,----------,active,phyzical
229,103,8,2022-02-22,----------,active,web
230,104,10,2021-02-07,----------,active,web
231,104,11,2021-10-23,----------,active,web
232,104,3,2021-03-08,----------,active,web
233,105,10,2021-02-04,----------,active,web
234,105,5,2021-01-12,----------,active,web
235,105,6,2022-05-19,----------,active,web
236,106,9,2022-03-31,----------,active,phyzical
237,107,17,2021-10-11,----------,active,web
238,107,5,2021-12-01,2022-03-02,inactive,web
239,108,4,2021-11-11,----------,active,phyzical
240,109,14,2022-01-16,----------,active,web
241,109,15,2022-04-25,----------,active,phyzical
242,109,5,2022-02-04,----------,active,web
243,110,5,2021-04-11,2021-12-12,inactive,phyzical
244,110,7,2021-10-15,2021-12-12,inactive,web
245,111,17,2021-06-10,----------,active,phyzical
246,111,18,2020-08-21,----------,active,phyzical
247,112,10,2022-04-21,----------,active,web
248,112,19,2022-04-21,----------,active,web
249,112,20,2022-04-21,----------,active,web
250,113,10,2022-01-10,----------,active,web
251,113,12,2022-01-22,----------,active,web
252,113,14,2022-02-20,----------,active,web
253,113,15,2022-03-11,----------,active,phyzical
254,114,18,2022-04-15,----------,active,web
255,115,16,2022-05-03,----------,active,phyzical
256,115,19,2022-05-03,----------,active,web
257,116,14,2021-02-02,2021-10-22,inactive,phyzical
258,116,15,2021-09-03,----------,active,web
259,117,10,2022-01-16,----------,active,phyzical
260,117,13,2022-02-10,----------,active,web
261,117,10,2022-02-16,----------,active,web
262,117,11,2022-04-17,----------,active,web
263,118,10,2022-01-14,----------,active,web
264,118,11,2022-03-09,----------,active,web
265,119,5,2021-04-16,2021-10-06,inactive,web
266,119,6,2021-07-17,2021-08-26,inactive,web
267,119,18,2021-06-29,2021-09-05,inactive,web
268,120,3,2021-12-20,----------,active,phyzical
269,120,14,2022-04-17,----------,active,web
270,120,15,2022-05-08,----------,active,web
271,121,8,2021-07-18,----------,active,web
272,122,10,2022-03-26,----------,active,web
273,122,19,2022-03-09,----------,active,phyzical
274,123,5,2022-05-12,----------,active,web
275,123,6,2022-05-12,----------,active,phyzical
276,123,4,2022-04-17,----------,active,phyzical
277,124,19,2022-01-30,2022-03-17,inactive,web
278,124,18,2022-02-03,----------,active,phyzical
279,125,18,2021-01-31,----------,active,web
280,126,10,2021-10-11,----------,active,phyzical
281,126,13,2022-01-30,----------,active,web
282,127,3,2021-10-27,----------,active,web
283,128,5,2022-04-24,----------,active,web
284,128,6,2022-04-24,----------,active,web
285,129,18,2021-02-14,----------,active,web
286,130,18,2022-04-30,----------,active,web
287,130,17,2022-04-30,----------,active,phyzical
288,131,10,2022-04-27,----------,active,web
289,132,16,2020-03-29,2020-05-29,inactive,phyzical
290,133,4,2020-09-12,----------,active,web
291,134,14,2021-04-21,----------,active,web
292,134,8,2021-07-14,----------,active,phyzical
293,135,1,2022-02-20,----------,active,web
294,135,2,2022-04-15,----------,active,web
295,135,8,2021-12-25,----------,active,web
296,136,3,2021-08-20,----------,active,web
297,136,1,2021-09-24,----------,active,web
298,136,2,2021-10-09,----------,active,phyzical
299,137,10,2021-07-24,2021-10-06,inactive,phyzical
300,137,13,2021-09-22,----------,active,phyzical
301,138,14,2021-12-21,----------,active,web
302,138,17,2021-08-23,----------,active,phyzical
303,139,8,2022-05-03,----------,active,web
304,140,3,2021-07-03,----------,active,web
305,141,1,2021-07-05,----------,active,web
306,142,19,2022-05-06,----------,active,phyzical
307,142,20,2022-05-06,----------,active,web
308,142,1,2022-05-05,----------,active,web
309,142,2,2022-05-05,----------,active,phyzical
310,143,14,2022-04-23,----------,active,web
311,144,10,2021-05-13,----------,active,web
312,144,12,2022-01-11,----------,active,web
313,144,3,2021-05-20,----------,active,web
314,145,10,2022-05-07,----------,active,web
315,145,13,2022-05-07,----------,active,phyzical
316,146,17,2021-11-26,----------,active,web
317,147,14,2022-05-16,----------,active,web
318,147,15,2022-05-16,----------,active,web
319,147,5,2020-10-18,----------,active,web
320,148,10,2020-06-05,2021-08-30,inactive,web
321,148,11,2021-05-23,2021-07-27,inactive,phyzical
322,149,10,2020-06-25,----------,active,phyzical
323,149,13,2021-06-21,----------,active,web
324,150,4,2022-03-30,----------,active,web
325,151,10,2022-05-11,----------,active,web
326,151,5,2022-03-13,----------,active,web
327,151,7,2022-04-07,----------,active,web
328,152,14,2022-04-07,----------,active,phyzical
329,152,1,2022-03-19,----------,active,web
330,153,8,2021-07-05,----------,active,web
331,153,17,2021-07-05,----------,active,phyzical
332,154,19,2022-05-06,----------,active,phyzical
333,154,20,2022-05-06,----------,active,web
334,154,5,2021-08-11,----------,active,web
335,154,6,2022-01-11,----------,active,phyzical
336,155,3,2022-05-04,----------,active,web
337,156,14,2021-04-02,----------,active,web
338,156,15,2021-11-30,----------,active,web
339,157,17,2021-07-19,----------,active,web
340,158,14,2022-05-12,----------,active,web
341,158,15,2022-05-12,----------,active,phyzical
342,158,4,2022-05-12,----------,active,web
343,159,5,2020-06-29,----------,active,web
344,159,6,2021-09-12,2022-04-12,inactive,web
345,160,16,2021-10-13,----------,active,phyzical
346,161,8,2020-06-01,----------,active,phyzical
347,162,9,2022-01-24,----------,active,web
348,163,1,2021-08-15,----------,active,web
349,164,5,2022-02-19,----------,active,web
350,164,6,2022-05-02,----------,active,phyzical
351,164,10,2022-02-09,----------,active,phyzical
352,164,11,2022-03-16,----------,active,web
353,165,14,2022-01-04,----------,active,web
354,165,17,2021-12-11,----------,active,web
355,166,1,2021-07-06,2021-09-30,inactive,phyzical
356,166,2,2021-07-24,----------,active,web
357,166,8,2021-07-10,2021-12-28,inactive,web
358,167,19,2022-05-06,----------,active,web
359,168,17,2022-04-04,----------,active,phyzical
360,169,5,2020-10-20,----------,active,web
361,170,1,2021-12-04,----------,active,web
362,170,2,2022-01-16,----------,active,web
363,170,5,2021-10-07,----------,active,web
364,170,7,2022-02-12,----------,active,phyzical
365,171,19,2022-02-01,----------,active,web
366,171,20,2022-02-15,----------,active,web
367,171,14,2022-01-07,----------,active,phyzical
368,171,15,2022-03-23,----------,active,web
369,172,1,2022-04-20,----------,active,web
370,172,2,2022-04-20,----------,active,web
371,173,19,2021-05-02,----------,active,web
372,173,5,2021-08-14,----------,active,web
373,174,18,2021-10-30,----------,active,web
374,174,8,2022-01-09,----------,active,web
375,175,1,2022-03-07,----------,active,phyzical
376,175,2,2022-05-07,----------,active,web
377,176,16,2021-04-05,----------,active,web
378,176,1,2021-04-05,----------,active,phyzical
379,177,10,2022-01-06,----------,active,web
380,177,12,2022-03-21,----------,active,phyzical
381,178,10,2021-02-20,2022-04-21,inactive,web
382,178,14,2021-04-05,----------,active,web
383,178,15,2021-11-22,----------,active,web
384,179,16,2021-09-01,----------,active,phyzical
385,180,5,2021-05-12,----------,active,web
386,180,7,2021-08-29,----------,active,web
387,181,19,2022-03-01,----------,active,web
388,181,17,2021-09-12,----------,active,web
389,182,10,2021-09-02,----------,active,web
390,182,13,2022-02-15,----------,active,web
391,183,3,2022-03-05,----------,active,phyzical
392,184,1,2021-08-02,----------,active,web
393,184,2,2021-12-09,----------,active,web
394,184,5,2021-05-30,----------,active,web
395,184,6,2021-10-31,----------,active,web
396,185,8,2021-10-14,----------,active,web
397,186,10,2022-01-19,----------,active,web
398,187,14,2022-03-18,----------,active,web
399,188,10,2021-10-29,----------,active,web
400,189,1,2022-04-13,----------,active,web
401,190,5,2022-03-10,----------,active,web
402,191,3,2022-05-02,----------,active,web
403,192,8,2021-08-01,2021-10-28,inactive,web
404,192,1,2021-05-06,----------,active,phyzical
405,193,1,2021-08-14,2022-04-10,inactive,phyzical
406,194,9,2021-11-14,----------,active,phyzical
407,195,5,2022-04-27,----------,active,web
408,195,7,2022-04-27,----------,active,phyzical
409,196,5,2022-03-30,----------,active,phyzical
410,196,7,2022-04-19,----------,active,web
411,197,10,2021-12-07,----------,active,phyzical
412,197,12,2022-01-25,----------,active,web
413,197,5,2021-11-13,----------,active,phyzical
414,197,7,2022-02-25,----------,active,web
415,198,14,2022-05-15,----------,active,web
416,198,15,2022-05-15,----------,active,phyzical
417,199,5,2022-03-31,----------,active,web
418,199,6,2022-04-03,----------,active,web
419,200,18,2020-10-06,2021-11-04,inactive,web
420,200,19,2020-12-30,----------,active,web
421,201,10,2022-03-06,----------,active,phyzical
422,201,12,2022-05-16,----------,active,phyzical
423,201,9,2021-03-22,----------,active,web
424,202,14,2022-04-23,----------,active,web
425,203,14,2021-08-29,----------,active,web
426,203,5,2021-09-22,----------,active,phyzical
427,203,7,2021-09-28,----------,active,web
428,204,17,2022-01-22,----------,active,web
429,205,10,2020-03-04,----------,active,web
430,205,11,2022-05-01,----------,active,web
431,205,14,2020-03-04,----------,active,phyzical
432,206,14,2021-10-20,----------,active,web
433,207,10,2021-04-07,----------,active,phyzical
434,208,5,2022-01-11,----------,active,web
435,208,6,2022-02-03,----------,active,web
436,208,4,2022-03-24,----------,active,web
437,209,5,2020-11-29,----------,active,web
438,209,6,2021-08-19,----------,active,web
439,210,19,2020-10-20,2020-11-25,inactive,web
440,210,8,2021-02-26,----------,active,phyzical
441,211,16,2020-12-07,----------,active,web
442,212,18,2022-04-28,----------,active,web
443,212,10,2022-01-05,----------,active,web
444,212,11,2022-03-03,----------,active,web
445,213,14,2021-11-10,----------,active,web
446,213,15,2021-11-21,----------,active,phyzical
447,213,10,2021-10-14,----------,active,web
448,214,4,2022-01-27,----------,active,web
449,215,14,2021-11-23,----------,active,phyzical
450,215,5,2022-04-09,----------,active,web
451,215,6,2022-04-28,----------,active,web
452,216,14,2022-01-20,----------,active,web
453,216,15,2022-03-26,----------,active,phyzical
454,216,5,2022-01-02,----------,active,web
455,216,7,2022-01-29,----------,active,web
456,217,10,2022-01-16,----------,active,web
457,217,11,2022-02-23,----------,active,web
458,218,14,2022-01-23,----------,active,phyzical
459,218,10,2021-12-01,----------,active,web
460,218,13,2022-04-02,----------,active,phyzical
461,219,19,2020-09-09,2020-10-22,inactive,phyzical
462,219,14,2020-12-14,----------,active,web
463,219,15,2021-01-28,----------,active,web
464,220,4,2022-01-22,----------,active,web
465,220,10,2022-05-08,----------,active,web
466,220,11,2022-05-08,----------,active,web
467,221,14,2021-04-25,----------,active,web
468,222,14,2022-05-16,----------,active,web
469,223,14,2021-07-14,----------,active,web
470,223,15,2021-11-15,----------,active,web
471,224,1,2020-11-24,2022-04-11,inactive,web
472,224,2,2021-03-20,2021-12-31,inactive,web
473,225,3,2021-08-08,2022-03-05,inactive,web
474,226,14,2020-06-25,2021-04-27,inactive,phyzical
475,226,15,2020-12-17,2021-04-01,inactive,phyzical
476,227,10,2021-12-21,----------,active,phyzical
477,227,11,2022-02-05,----------,active,web
478,227,1,2022-04-10,----------,active,web
479,227,2,2022-04-25,----------,active,phyzical
480,228,17,2021-11-27,----------,active,web
481,228,19,2021-02-15,----------,active,phyzical
482,229,8,2022-02-28,----------,active,phyzical
483,230,4,2020-09-08,2020-12-18,inactive,web
484,231,1,2022-05-08,----------,active,phyzical
485,231,2,2022-05-08,----------,active,web
486,231,10,2022-04-04,----------,active,phyzical
487,231,13,2022-05-12,----------,active,web
488,232,19,2022-05-07,----------,active,web
489,232,20,2022-05-07,----------,active,phyzical
490,233,1,2022-01-07,----------,active,web
491,233,2,2022-05-10,----------,active,web
492,234,19,2021-02-04,----------,active,web
493,234,16,2021-10-05,----------,active,phyzical
494,235,18,2021-08-13,----------,active,web
495,235,8,2020-06-30,----------,active,web
496,236,5,2022-05-06,----------,active,web
497,236,7,2022-05-06,----------,active,web
498,237,10,2022-01-19,----------,active,web
499,237,13,2022-02-20,----------,active,web
500,238,16,2022-03-12,----------,active,web
501,238,19,2022-03-28,----------,active,web
502,239,1,2022-03-24,----------,active,web
503,239,2,2022-05-16,----------,active,web
504,240,14,2021-08-08,----------,active,web
505,240,15,2021-09-23,----------,active,web
506,240,16,2021-01-17,----------,active,web
507,241,10,2022-04-24,----------,active,web
508,241,13,2022-04-24,----------,active,web
509,242,17,2022-04-25,----------,active,phyzical
510,242,14,2021-05-05,----------,active,phyzical
511,243,4,2021-12-27,2022-04-20,inactive,web
512,243,1,2022-03-01,----------,active,web
513,244,10,2022-04-23,----------,active,web
514,244,11,2022-04-23,----------,active,web
515,245,10,2021-11-08,----------,active,phyzical
516,245,11,2022-05-05,----------,active,web
517,245,9,2021-03-04,2021-07-02,inactive,phyzical
518,246,18,2021-11-09,2022-02-21,inactive,web
519,246,9,2021-12-20,----------,active,web
520,247,5,2021-06-01,----------,active,web
521,247,7,2022-03-02,----------,active,web
522,247,14,2021-05-22,----------,active,phyzical
523,248,8,2021-03-03,----------,active,web
524,249,19,2021-09-08,----------,active,phyzical
525,249,20,2021-10-02,----------,active,phyzical
526,250,19,2020-08-06,2020-10-18,inactive,phyzical
527,250,20,2020-08-30,2020-10-13,inactive,web
528,250,8,2021-05-04,----------,active,web
529,251,10,2021-01-15,----------,active,web
530,251,13,2021-04-23,----------,active,web
531,251,8,2021-01-25,----------,active,phyzical
532,252,14,2022-05-15,----------,active,web
533,252,15,2022-05-15,----------,active,web
534,253,17,2020-09-28,----------,active,phyzical
535,253,10,2020-09-24,----------,active,web
536,253,12,2020-12-29,----------,active,phyzical
537,254,19,2022-03-09,----------,active,phyzical
538,255,19,2020-03-03,2020-04-24,inactive,phyzical
539,255,20,2020-03-12,2020-04-15,inactive,web
540,255,10,2020-04-16,2020-05-27,inactive,phyzical
541,255,12,2020-04-29,----------,active,phyzical
542,256,1,2021-12-16,----------,active,web
543,256,16,2021-03-14,----------,active,web
544,257,10,2021-07-28,----------,active,phyzical
545,257,12,2021-11-06,----------,active,web
546,258,5,2022-03-12,2022-05-10,inactive,web
547,258,4,2022-02-27,2022-04-28,inactive,phyzical
548,259,5,2022-01-19,----------,active,web
549,259,7,2022-05-06,----------,active,web
550,260,5,2021-11-16,----------,active,phyzical
551,260,6,2021-12-19,----------,active,phyzical
552,260,5,2021-08-14,2021-10-05,inactive,web
553,260,6,2021-08-29,----------,active,web
554,261,18,2021-07-01,----------,active,phyzical
555,261,10,2020-04-22,----------,active,web
556,262,9,2021-10-26,----------,active,web
557,262,9,2022-01-16,----------,active,web
558,263,19,2020-10-06,----------,active,web
559,263,20,2020-10-26,2022-01-14,inactive,phyzical
560,264,16,2022-04-19,----------,active,web
561,265,5,2021-05-12,----------,active,web
562,265,7,2022-04-20,----------,active,web
563,266,8,2021-07-25,----------,active,web
564,266,8,2021-09-30,----------,active,phyzical
565,267,18,2021-11-28,----------,active,web
566,268,1,2022-04-17,----------,active,phyzical
567,268,1,2020-11-12,----------,active,web
568,269,5,2022-02-12,----------,active,web
569,270,10,2022-05-06,----------,active,web
570,270,11,2022-05-06,----------,active,web
571,270,10,2022-01-19,----------,active,web
572,270,11,2022-03-03,----------,active,web
573,271,10,2022-04-07,----------,active,phyzical
574,271,11,2022-05-16,----------,active,web
575,271,18,2022-01-24,----------,active,web
576,272,16,2020-12-28,----------,active,web
577,273,14,2022-04-25,----------,active,phyzical
578,273,15,2022-04-25,----------,active,phyzical
579,274,8,2020-12-07,2021-01-19,inactive,web
580,275,9,2022-04-17,----------,active,web
581,276,1,2022-05-18,----------,active,web
582,276,10,2022-05-18,----------,active,phyzical
583,276,11,2022-05-18,----------,active,web
584,277,14,2021-04-21,2022-05-05,inactive,web
585,277,5,2021-11-12,----------,active,phyzical
586,277,7,2022-02-15,----------,active,web
587,278,10,2021-11-21,----------,active,phyzical
588,279,9,2020-01-31,----------,active,web
589,279,14,2020-06-30,2020-09-05,inactive,phyzical
590,279,15,2020-08-15,----------,active,web
591,280,3,2020-07-28,----------,active,web
592,281,10,2020-11-28,----------,active,phyzical
593,281,13,2021-02-11,----------,active,web
594,281,19,2022-02-27,----------,active,web
595,282,1,2022-04-13,----------,active,phyzical
596,282,2,2022-04-28,----------,active,web
597,282,3,2022-04-01,----------,active,web
598,283,19,2022-05-12,----------,active,web
599,283,20,2022-05-12,----------,active,phyzical
600,283,1,2022-03-13,----------,active,phyzical
601,283,2,2022-04-12,----------,active,web
602,284,10,2021-11-27,----------,active,web
603,284,11,2022-04-26,----------,active,web
604,284,17,2021-12-15,----------,active,web
605,285,10,2020-06-03,2020-10-24,inactive,web
606,285,13,2020-06-07,2020-08-27,inactive,web
607,286,10,2021-10-10,----------,active,web
608,286,12,2022-04-21,----------,active,phyzical
609,287,18,2020-08-04,----------,active,web
610,288,9,2021-09-07,----------,active,web
611,288,10,2021-04-01,----------,active,web
612,288,13,2022-03-03,----------,active,phyzical
613,289,9,2021-09-17,----------,active,web
614,289,14,2021-09-12,----------,active,phyzical
615,289,15,2022-04-19,----------,active,web
616,290,10,2022-03-05,----------,active,web
617,290,13,2022-05-15,----------,active,phyzical
618,290,5,2022-03-27,----------,active,phyzical
619,291,5,2021-05-28,----------,active,phyzical
620,291,7,2021-12-10,----------,active,web
621,292,3,2021-07-18,2021-12-13,inactive,web
622,292,5,2021-06-18,2021-09-29,inactive,web
623,292,6,2021-08-12,----------,active,web
624,293,10,2022-04-24,----------,active,phyzical
625,293,11,2022-04-24,----------,active,phyzical
626,294,5,2022-03-05,----------,active,web
627,294,6,2022-03-05,----------,active,web
628,295,8,2021-11-02,----------,active,web
629,295,19,2021-01-10,----------,active,web
630,296,10,2021-05-14,----------,active,web
631,296,11,2021-05-23,----------,active,web
632,296,14,2022-01-20,----------,active,web
633,297,19,2020-11-13,----------,active,web
634,298,3,2022-04-04,----------,active,web
635,299,5,2021-06-16,----------,active,web
636,300,19,2021-04-22,----------,active,web
637,300,20,2021-06-16,----------,active,web
638,300,5,2021-03-15,----------,active,web
639,300,7,2021-04-10,2021-09-07,inactive,web
640,301,8,2021-12-03,----------,active,web
641,302,19,2022-04-15,----------,active,web
642,303,5,2022-03-31,----------,active,phyzical
643,303,6,2022-04-19,----------,active,phyzical
644,304,10,2022-01-28,----------,active,phyzical
645,304,11,2022-02-22,----------,active,web
646,305,19,2021-03-21,----------,active,web
647,305,5,2022-02-25,----------,active,web
648,306,1,2022-03-16,----------,active,web
649,306,2,2022-05-07,----------,active,phyzical
650,306,19,2022-05-15,----------,active,web
651,306,20,2022-05-15,----------,active,web
652,307,3,2021-05-22,----------,active,web
653,308,14,2020-11-29,2021-02-19,inactive,phyzical
654,308,15,2021-01-24,----------,active,phyzical
655,309,5,2021-08-27,----------,active,web
656,310,14,2022-02-22,----------,active,web
657,310,15,2022-04-16,----------,active,phyzical
658,310,8,2021-06-30,----------,active,web
659,311,10,2020-07-20,----------,active,web
660,312,5,2022-01-16,----------,active,phyzical
661,312,7,2022-03-29,----------,active,web
662,313,10,2020-10-12,2021-01-01,inactive,web
663,313,13,2020-10-29,----------,active,phyzical
664,313,1,2020-12-29,2021-03-22,inactive,web
665,313,2,2021-01-19,2021-03-10,inactive,phyzical
666,314,1,2022-02-20,----------,active,web
667,314,2,2022-03-03,----------,active,phyzical
668,314,19,2022-04-24,----------,active,phyzical
669,314,20,2022-04-24,----------,active,phyzical
670,315,19,2022-02-12,----------,active,web
671,315,20,2022-02-25,----------,active,phyzical
672,316,5,2022-01-01,----------,active,phyzical
673,316,7,2022-01-29,----------,active,web
674,316,14,2021-02-03,----------,active,web
675,317,10,2021-12-27,----------,active,web
676,317,11,2022-01-11,----------,active,web
677,318,3,2022-03-31,----------,active,web
678,319,1,2020-09-01,----------,active,web
679,320,5,2020-09-03,----------,active,web
680,320,7,2021-08-20,2021-12-23,inactive,web
681,320,4,2022-01-17,----------,active,web
682,321,9,2021-03-01,----------,active,web
683,322,9,2022-01-09,----------,active,phyzical
684,322,5,2022-01-01,----------,active,web
685,322,6,2022-05-09,----------,active,web
686,323,14,2022-04-29,----------,active,web
687,323,15,2022-04-29,----------,active,phyzical
688,324,14,2022-03-26,----------,active,phyzical
689,325,10,2022-02-25,----------,active,phyzical
690,326,5,2021-04-14,----------,active,web
691,326,6,2022-03-06,----------,active,phyzical
692,326,1,2020-03-29,----------,active,web
693,326,2,2022-02-22,----------,active,web
694,327,3,2022-04-06,----------,active,web
695,327,8,2022-04-16,----------,active,phyzical
696,328,1,2021-11-14,----------,active,web
697,328,2,2022-01-25,----------,active,web
698,329,1,2020-05-27,2020-07-24,inactive,web
699,329,2,2020-05-29,2020-07-20,inactive,phyzical
700,329,18,2020-04-19,----------,active,web
701,330,10,2022-04-29,----------,active,web
702,330,12,2022-04-29,----------,active,web
703,331,5,2022-02-25,----------,active,web
704,331,6,2022-03-03,----------,active,web
705,332,16,2021-11-13,----------,active,web
706,332,10,2021-09-21,2021-11-05,inactive,web
707,332,12,2021-10-23,----------,active,web
708,333,8,2020-11-12,----------,active,web
709,334,1,2021-11-03,----------,active,web
710,334,10,2021-01-14,----------,active,phyzical
711,334,12,2021-12-23,----------,active,phyzical
712,335,19,2020-11-02,----------,active,web
713,336,5,2022-05-05,----------,active,web
714,336,7,2022-05-05,----------,active,web
715,336,19,2021-07-18,2022-03-29,inactive,web
716,337,9,2022-02-19,----------,active,web
717,337,1,2020-10-10,----------,active,web
718,337,2,2021-12-10,----------,active,web
719,338,5,2022-05-04,----------,active,phyzical
720,339,17,2022-04-03,----------,active,web
721,339,17,2022-04-07,----------,active,web
722,340,8,2021-08-19,----------,active,web
723,341,5,2020-09-24,2020-12-05,inactive,phyzical
724,341,6,2020-10-29,----------,active,phyzical
725,342,5,2020-11-16,2021-01-19,inactive,phyzical
726,342,6,2020-12-08,2021-01-16,inactive,web
727,342,4,2020-10-09,2020-11-10,inactive,web
728,343,10,2021-06-28,----------,active,phyzical
729,343,12,2022-03-25,----------,active,web
730,343,19,2021-04-18,2021-06-20,inactive,phyzical
731,344,19,2021-09-23,----------,active,web
732,345,14,2021-08-16,----------,active,web
733,346,9,2021-10-09,----------,active,phyzical
734,347,10,2022-04-10,----------,active,web
735,347,13,2022-05-10,----------,active,phyzical
736,348,10,2022-02-08,----------,active,web
737,348,13,2022-02-20,----------,active,phyzical
738,349,10,2021-06-11,----------,active,phyzical
739,349,12,2022-04-28,----------,active,phyzical
740,349,14,2021-10-30,----------,active,web
741,350,10,2022-04-19,----------,active,web
742,350,10,2022-02-08,----------,active,web
743,350,12,2022-02-20,----------,active,web
744,351,10,2022-04-27,----------,active,web
745,352,10,2021-10-03,----------,active,phyzical
746,352,11,2021-10-10,----------,active,phyzical
747,352,16,2021-08-08,----------,active,web
748,353,1,2021-10-03,----------,active,web
749,353,10,2021-02-03,----------,active,web
750,353,12,2021-06-26,----------,active,web
751,354,1,2020-03-11,----------,active,phyzical
752,354,5,2020-03-11,----------,active,web
753,354,7,2021-12-11,----------,active,web
754,355,14,2022-05-11,----------,active,phyzical
755,355,15,2022-05-11,----------,active,web
756,355,14,2022-05-09,----------,active,web
757,355,15,2022-05-09,----------,active,web
758,356,10,2021-09-03,2021-12-07,inactive,web
759,356,19,2022-02-15,----------,active,web
760,357,1,2021-02-06,2021-04-14,inactive,web
761,357,1,2021-03-13,----------,active,phyzical
762,358,10,2022-05-10,----------,active,web
763,358,12,2022-05-10,----------,active,web
764,358,17,2022-04-06,----------,active,phyzical
765,359,10,2021-11-16,----------,active,web
766,359,12,2022-03-04,----------,active,web
767,359,3,2021-06-21,----------,active,web
768,360,19,2021-10-21,2022-04-06,inactive,web
769,360,20,2022-02-26,----------,active,web
770,360,19,2021-06-12,----------,active,web
771,361,10,2021-02-01,----------,active,web
772,361,12,2021-05-15,----------,active,web
773,361,14,2021-01-18,----------,active,web
774,361,15,2021-02-16,----------,active,web
775,362,9,2021-11-20,----------,active,phyzical
776,362,9,2022-03-06,----------,active,web
777,363,14,2021-10-12,----------,active,web
778,363,15,2021-10-22,----------,active,web
779,363,9,2021-12-18,----------,active,phyzical
780,364,10,2022-01-27,----------,active,web
781,364,13,2022-03-17,----------,active,web
782,365,10,2022-04-28,----------,active,web
783,365,13,2022-04-28,----------,active,web
784,366,10,2022-04-09,----------,active,web
785,366,11,2022-04-27,----------,active,phyzical
786,366,8,2022-04-28,----------,active,phyzical
787,367,1,2022-04-08,----------,active,web
788,367,2,2022-04-27,----------,active,web
789,367,1,2022-02-09,----------,active,web
790,367,2,2022-04-10,----------,active,web
791,368,5,2022-03-24,----------,active,web
792,368,7,2022-04-12,----------,active,web
793,368,8,2021-05-04,----------,active,phyzical
794,369,19,2020-07-20,2021-06-23,inactive,web
795,369,17,2020-12-25,2021-08-07,inactive,web
796,370,5,2021-11-09,----------,active,web
797,370,19,2021-07-16,----------,active,web
798,370,20,2022-05-05,----------,active,web
799,371,10,2021-03-06,----------,active,web
800,371,13,2021-05-21,----------,active,web
801,371,5,2021-02-01,----------,active,web
802,371,7,2021-05-03,----------,active,web
803,372,14,2022-03-15,----------,active,web
804,372,19,2022-05-08,----------,active,phyzical
805,373,1,2022-02-12,----------,active,phyzical
806,373,2,2022-02-28,----------,active,web
807,373,10,2022-04-23,----------,active,web
808,374,18,2021-01-05,----------,active,phyzical
809,375,14,2021-09-10,----------,active,web
810,376,10,2021-03-23,----------,active,phyzical
811,376,12,2021-08-05,----------,active,phyzical
812,377,10,2021-01-02,2021-05-31,inactive,web
813,377,13,2021-03-28,2021-04-29,inactive,web
814,377,10,2021-02-06,2021-05-20,inactive,web
815,377,13,2021-03-15,2021-04-29,inactive,web
816,378,10,2022-03-06,----------,active,web
817,378,12,2022-05-09,----------,active,web
818,378,18,2021-10-14,----------,active,phyzical
819,379,1,2022-01-18,----------,active,phyzical
820,379,2,2022-02-20,----------,active,web
821,380,8,2022-04-29,----------,active,web
822,381,5,2021-01-20,----------,active,web
823,381,6,2022-03-13,----------,active,phyzical
824,381,19,2020-10-28,2020-12-26,inactive,web
825,381,20,2020-11-19,----------,active,phyzical
826,382,4,2022-04-15,----------,active,web
827,383,19,2022-05-13,----------,active,phyzical
828,383,20,2022-05-13,----------,active,web
829,383,10,2022-05-13,----------,active,web
830,383,12,2022-05-13,----------,active,web
831,384,4,2022-04-29,----------,active,web
832,385,10,2022-03-11,----------,active,web
833,386,10,2020-11-05,----------,active,web
834,387,1,2021-12-22,----------,active,web
835,387,19,2021-04-26,----------,active,web
836,387,20,2022-03-22,----------,active,web
837,388,18,2021-05-01,----------,active,web
838,389,8,2022-04-28,----------,active,phyzical
839,390,18,2021-09-08,----------,active,phyzical
840,391,10,2021-10-01,----------,active,web
841,391,11,2022-05-13,----------,active,web
842,391,5,2021-03-19,----------,active,phyzical
843,392,1,2022-02-01,----------,active,phyzical
844,392,2,2022-03-15,----------,active,web
845,392,10,2021-11-24,----------,active,web
846,392,11,2022-05-19,----------,active,phyzical
847,393,19,2022-04-19,----------,active,phyzical
848,393,20,2022-04-19,----------,active,phyzical
849,394,17,2020-02-02,2020-12-24,inactive,web
850,395,10,2022-04-04,----------,active,phyzical
851,395,12,2022-04-23,----------,active,web
852,396,10,2021-12-28,----------,active,phyzical
853,396,11,2022-02-25,----------,active,web
854,396,5,2020-11-19,----------,active,web
855,396,7,2021-10-24,----------,active,web
856,397,1,2022-05-15,----------,active,web
857,397,2,2022-05-15,----------,active,phyzical
858,397,3,2022-04-15,----------,active,phyzical
859,398,16,2020-08-21,----------,active,phyzical
860,398,19,2021-01-26,2021-04-14,inactive,web
861,398,20,2021-03-27,----------,active,phyzical
862,399,14,2020-09-22,----------,active,phyzical
863,399,1,2021-08-14,----------,active,web
864,399,2,2021-10-30,----------,active,web
865,400,10,2022-04-01,----------,active,phyzical
866,400,11,2022-04-23,----------,active,phyzical
867,400,10,2022-02-05,----------,active,phyzical
868,400,13,2022-03-04,----------,active,web
869,401,14,2020-08-09,2021-09-09,inactive,web
870,402,16,2022-04-08,----------,active,phyzical
871,402,16,2022-04-10,----------,active,web
872,403,17,2022-04-09,----------,active,web
873,403,10,2022-05-01,----------,active,web
874,404,1,2022-01-14,----------,active,web
875,404,2,2022-02-04,2022-04-11,inactive,web
876,405,8,2020-09-17,2021-11-16,inactive,web
877,406,18,2021-05-22,----------,active,web
878,407,1,2022-01-18,----------,active,web
879,407,2,2022-05-08,----------,active,web
880,407,10,2022-05-01,----------,active,phyzical
881,408,18,2022-05-09,----------,active,web
882,409,5,2021-01-25,----------,active,web
883,410,10,2022-04-10,----------,active,phyzical
884,411,9,2022-01-10,----------,active,web
885,412,14,2022-01-02,----------,active,phyzical
886,412,19,2021-06-12,----------,active,web
887,413,14,2020-11-19,----------,active,web
888,413,5,2020-11-25,----------,active,phyzical
889,413,6,2021-08-09,----------,active,phyzical
890,414,10,2020-10-09,2021-01-30,inactive,web
891,414,12,2020-10-25,2020-12-04,inactive,web
892,414,10,2021-01-10,----------,active,web
893,414,11,2021-06-18,----------,active,web
894,415,14,2021-03-13,----------,active,web
895,415,15,2021-09-05,----------,active,phyzical
896,416,8,2021-12-02,----------,active,web
897,417,17,2021-02-03,----------,active,web
898,417,5,2021-01-15,2022-02-11,inactive,web
899,417,7,2021-07-05,2021-11-01,inactive,web
900,418,1,2021-12-23,----------,active,web
901,418,17,2022-01-06,----------,active,web
902,419,1,2021-12-09,----------,active,phyzical
903,419,2,2022-03-16,----------,active,web
904,420,5,2021-11-05,2021-12-22,inactive,web
905,420,19,2021-08-15,2021-10-16,inactive,web
906,421,10,2022-04-01,----------,active,web
907,421,12,2022-04-21,----------,active,phyzical
908,421,3,2022-01-31,----------,active,web
909,422,1,2021-09-18,----------,active,phyzical
910,422,17,2022-02-18,----------,active,phyzical
911,423,10,2020-08-05,2020-10-21,inactive,phyzical
912,423,12,2020-09-18,----------,active,phyzical
913,424,5,2022-04-04,----------,active,phyzical
914,424,6,2022-04-19,----------,active,phyzical
915,424,17,2022-04-28,----------,active,web
916,425,18,2022-04-28,----------,active,web
917,425,10,2022-04-28,----------,active,web
918,425,12,2022-04-28,----------,active,web
919,426,3,2021-12-21,----------,active,phyzical
920,427,10,2022-02-01,2022-05-03,inactive,phyzical
921,427,12,2022-04-03,----------,active,web
922,428,1,2022-05-09,----------,active,web
923,429,5,2021-10-21,----------,active,phyzical
924,429,6,2021-12-27,----------,active,web
925,430,9,2021-03-31,2021-06-16,inactive,web
926,430,9,2021-05-28,----------,active,web
927,431,5,2021-04-11,2021-06-06,inactive,web
928,431,6,2021-04-19,----------,active,phyzical
929,432,10,2021-05-19,2021-12-14,inactive,web
930,432,12,2021-07-01,----------,active,phyzical
931,432,1,2021-04-15,----------,active,web
932,432,2,2022-04-18,----------,active,phyzical
933,433,8,2022-03-07,----------,active,web
934,433,14,2021-07-08,----------,active,web
935,434,9,2021-04-24,----------,active,web
936,435,19,2022-01-28,----------,active,web
937,435,20,2022-03-27,----------,active,phyzical
938,436,5,2021-12-18,----------,active,web
939,436,7,2022-03-27,----------,active,web
940,437,10,2020-07-27,----------,active,web
941,437,12,2020-12-09,----------,active,phyzical
942,437,14,2021-06-14,----------,active,web
943,437,15,2021-12-16,----------,active,web
944,438,10,2021-05-13,2021-06-16,inactive,web
945,438,12,2021-06-06,----------,active,web
946,439,1,2022-01-20,----------,active,web
947,439,2,2022-04-11,----------,active,web
948,440,9,2022-02-24,----------,active,phyzical
949,440,10,2022-03-21,----------,active,web
950,441,4,2021-08-18,2022-03-24,inactive,web
951,442,10,2022-03-22,----------,active,web
952,442,12,2022-04-20,----------,active,web
953,442,9,2021-12-19,----------,active,web
954,443,1,2021-07-05,----------,active,web
955,443,2,2022-01-23,----------,active,web
956,443,9,2021-12-31,----------,active,phyzical
957,444,19,2021-12-21,----------,active,phyzical
958,444,20,2022-04-14,----------,active,web
959,445,5,2020-11-07,----------,active,web
960,445,7,2021-11-21,----------,active,web
961,445,5,2021-06-07,----------,active,web
962,446,8,2022-02-25,----------,active,web
963,447,9,2022-04-22,----------,active,web
964,448,10,2022-02-22,----------,active,web
965,448,13,2022-03-12,----------,active,web
966,448,10,2022-04-22,----------,active,web
967,448,11,2022-04-22,----------,active,web
968,449,5,2020-12-15,2021-05-29,inactive,phyzical
969,449,10,2022-01-17,----------,active,web
970,449,11,2022-04-26,----------,active,web
971,450,5,2021-09-09,2021-11-22,inactive,web
972,450,16,2021-10-13,2021-11-28,inactive,web
973,451,5,2022-04-23,----------,active,phyzical
974,451,19,2022-02-22,----------,active,web
975,451,20,2022-04-14,----------,active,web
976,452,17,2022-05-18,----------,active,phyzical
977,453,10,2021-09-09,2022-02-26,inactive,web
978,453,13,2022-01-04,2022-02-12,inactive,web
979,454,14,2022-05-18,----------,active,web
980,454,19,2022-05-18,----------,active,web
981,455,5,2020-03-01,----------,active,web
982,455,6,2021-09-23,----------,active,web
983,455,1,2020-05-04,----------,active,web
984,456,5,2021-01-31,----------,active,web
985,456,6,2022-04-17,----------,active,web
986,456,1,2021-08-27,----------,active,web
987,457,10,2020-12-10,----------,active,phyzical
988,457,12,2021-04-20,----------,active,web
989,458,14,2021-12-07,----------,active,web
990,458,15,2022-03-12,----------,active,web
991,458,17,2022-01-02,----------,active,web
992,459,10,2021-12-24,----------,active,phyzical
993,459,12,2022-05-04,----------,active,web
994,460,1,2021-09-03,----------,active,phyzical
995,460,2,2022-05-05,----------,active,web
996,460,19,2022-04-29,----------,active,web
997,461,14,2021-03-20,----------,active,phyzical
998,462,18,2022-05-09,----------,active,phyzical
999,463,10,2022-02-21,----------,active,web
1000,463,12,2022-03-25,----------,active,web
1001,463,8,2022-01-17,----------,active,web
1002,464,8,2022-04-09,----------,active,web
1003,464,10,2022-03-09,----------,active,phyzical
1004,465,8,2021-11-25,----------,active,phyzical
1005,466,10,2022-02-13,----------,active,web
1006,466,13,2022-03-16,----------,active,web
1007,466,14,2022-04-24,----------,active,phyzical
1008,467,5,2022-03-31,----------,active,phyzical
1009,467,6,2022-05-18,----------,active,phyzical
1010,468,9,2021-10-17,----------,active,web
1011,468,10,2021-11-30,----------,active,phyzical
1012,469,10,2022-01-09,----------,active,web
1013,469,13,2022-01-31,----------,active,web
1014,469,19,2021-11-01,----------,active,web
1015,470,5,2021-07-22,----------,active,web
1016,470,7,2022-02-25,----------,active,phyzical
1017,470,9,2020-05-10,----------,active,phyzical
1018,471,5,2021-10-01,----------,active,web
1019,471,7,2021-10-21,----------,active,phyzical
1020,472,19,2020-08-19,----------,active,phyzical
1021,472,20,2020-08-24,----------,active,phyzical
1022,473,10,2021-11-12,----------,active,web
1023,473,13,2022-01-04,----------,active,web
1024,473,9,2021-11-16,----------,active,web
1025,474,1,2021-06-18,----------,active,web
1026,474,17,2021-12-14,----------,active,phyzical
1027,475,10,2022-01-17,----------,active,phyzical
1028,475,13,2022-05-01,----------,active,web
1029,476,10,2021-05-22,----------,active,web
1030,476,11,2021-07-28,----------,active,phyzical
1031,477,5,2022-03-25,----------,active,web
1032,477,7,2022-04-03,----------,active,web
1033,478,14,2022-04-07,----------,active,web
1034,478,15,2022-05-12,----------,active,web
1035,479,4,2021-07-08,----------,active,web
1036,479,19,2020-11-29,----------,active,web
1037,479,20,2022-04-25,----------,active,phyzical
1038,480,10,2021-03-13,----------,active,phyzical
1039,480,11,2021-12-28,----------,active,web
1040,481,5,2021-11-28,----------,active,phyzical
1041,481,7,2022-02-19,----------,active,web
1042,481,5,2022-01-08,----------,active,phyzical
1043,482,3,2020-10-27,----------,active,web
1044,483,14,2021-04-12,----------,active,web
1045,483,1,2021-08-01,----------,active,web
1046,484,5,2021-11-29,----------,active,web
1047,484,6,2022-02-24,----------,active,web
1048,484,1,2021-06-23,----------,active,phyzical
1049,485,1,2020-05-02,----------,active,phyzical
1050,485,2,2020-10-26,----------,active,phyzical
1051,486,10,2020-10-17,2020-11-29,inactive,phyzical
1052,486,12,2020-11-13,----------,active,phyzical
1053,487,1,2021-09-05,----------,active,phyzical
1054,487,8,2022-02-13,----------,active,web
1055,488,19,2021-02-06,----------,active,web
1056,489,17,2020-09-17,----------,active,phyzical
1057,489,18,2021-01-04,----------,active,web
1058,490,1,2021-03-30,----------,active,web
1059,490,2,2022-02-20,----------,active,web
1060,491,5,2022-04-24,----------,active,web
1061,491,17,2022-04-10,----------,active,phyzical
1062,492,10,2022-01-08,----------,active,web
1063,492,13,2022-05-16,----------,active,phyzical
1064,492,1,2022-05-08,----------,active,web
1065,492,2,2022-05-08,----------,active,web
1066,493,1,2022-03-06,----------,active,web
1067,493,2,2022-04-15,----------,active,web
1068,493,10,2022-03-29,----------,active,phyzical
1069,493,13,2022-04-06,----------,active,phyzical
1070,494,10,2020-07-29,2022-05-17,inactive,web
1071,494,12,2020-10-24,2021-09-16,inactive,phyzical
1072,494,4,2021-04-02,2021-06-23,inactive,web
1073,495,18,2021-12-14,----------,active,web
1074,495,10,2022-01-19,----------,active,web
1075,495,12,2022-03-15,----------,active,web
1076,496,19,2020-01-28,----------,active,web
1077,497,14,2022-04-23,----------,active,web
1078,497,15,2022-04-23,----------,active,phyzical
1079,498,9,2022-05-03,----------,active,web
1080,499,14,2022-01-05,----------,active,phyzical
1081,499,15,2022-02-17,----------,active,web
1082,500,8,2020-05-03,----------,active,phyzical
1083,501,18,2021-07-16,----------,active,phyzical
1084,501,10,2022-05-10,----------,active,web
1085,501,12,2022-05-10,----------,active,phyzical
1086,502,8,2022-04-09,----------,active,web
1087,502,9,2022-04-13,----------,active,phyzical
1088,503,5,2022-04-29,----------,active,phyzical
1089,503,7,2022-04-29,----------,active,web
1090,504,16,2022-05-07,----------,active,phyzical
1091,504,19,2022-05-07,----------,active,web
1092,505,5,2022-04-09,----------,active,web
1093,505,10,2021-12-11,2022-01-20,inactive,phyzical
1094,505,12,2022-01-04,----------,active,web
1095,506,10,2021-11-03,----------,active,web
1096,506,11,2022-02-13,----------,active,web
1097,507,8,2022-03-23,----------,active,web
1098,507,10,2022-05-17,----------,active,web
1099,507,12,2022-05-17,----------,active,phyzical
1100,508,1,2022-05-07,----------,active,phyzical
1101,508,2,2022-05-07,----------,active,phyzical
1102,509,10,2021-03-19,----------,active,phyzical
1103,509,11,2021-12-14,----------,active,web
1104,509,8,2021-07-22,----------,active,web
1105,510,10,2021-05-21,----------,active,web
1106,510,11,2021-05-21,----------,active,web
1107,511,14,2021-10-17,----------,active,web
1108,511,9,2021-11-13,----------,active,web
1109,512,1,2021-02-23,2021-10-23,inactive,web
1110,513,18,2021-07-05,----------,active,web
1111,514,14,2021-12-10,----------,active,web
1112,514,1,2021-08-13,----------,active,phyzical
1113,514,2,2022-04-25,----------,active,web
1114,515,19,2022-01-31,----------,active,web
1115,515,20,2022-03-25,----------,active,phyzical
1116,515,19,2021-10-31,----------,active,phyzical
1117,516,10,2021-04-15,----------,active,web
1118,516,1,2021-06-17,----------,active,phyzical
1119,517,5,2021-06-12,----------,active,web
1120,518,10,2021-09-22,----------,active,phyzical
1121,518,13,2022-04-21,----------,active,web
1122,519,10,2021-02-01,----------,active,phyzical
1123,519,1,2021-08-19,----------,active,web
1124,519,2,2021-11-03,----------,active,web
1125,520,19,2021-05-10,----------,active,web
1126,520,1,2021-07-09,----------,active,web
1127,521,5,2022-02-14,----------,active,web
1128,521,7,2022-04-28,----------,active,web
1129,521,19,2022-04-10,----------,active,phyzical
1130,522,10,2022-04-22,----------,active,web
1131,522,11,2022-04-22,----------,active,phyzical
1132,522,10,2022-03-28,----------,active,phyzical
1133,523,4,2022-03-25,----------,active,web
1134,524,10,2021-07-07,2021-08-20,inactive,web
1135,524,11,2021-07-09,2021-08-13,inactive,web
1136,524,14,2021-05-15,2021-08-16,inactive,phyzical
1137,524,15,2021-05-19,2021-06-28,inactive,web
1138,525,10,2022-03-12,----------,active,web
1139,525,12,2022-05-14,----------,active,web
1140,526,10,2021-09-24,----------,active,web
1141,526,11,2022-03-26,----------,active,web
1142,526,10,2020-08-28,----------,active,web
1143,526,12,2022-03-24,----------,active,web
1144,527,5,2021-07-12,----------,active,web
1145,527,7,2022-02-24,----------,active,phyzical
1146,527,18,2021-05-19,----------,active,web
1147,528,5,2022-03-05,----------,active,web
1148,528,7,2022-03-27,----------,active,phyzical
1149,528,17,2021-11-25,----------,active,phyzical
1150,529,4,2022-01-30,----------,active,web
1151,529,3,2022-02-27,----------,active,web
1152,530,10,2021-07-30,----------,active,phyzical
1153,530,12,2021-08-11,----------,active,web
1154,530,3,2021-12-16,----------,active,web
1155,531,19,2020-12-08,----------,active,phyzical
1156,531,8,2020-05-14,----------,active,phyzical
1157,532,14,2021-03-05,2021-04-10,inactive,phyzical
1158,532,4,2021-01-19,----------,active,web
1159,533,8,2021-02-08,----------,active,web
1160,533,10,2021-07-14,----------,active,web
1161,533,13,2022-01-22,----------,active,web
1162,534,1,2022-01-19,----------,active,web
1163,534,2,2022-03-26,----------,active,phyzical
1164,535,8,2021-10-13,----------,active,web
1165,535,19,2022-02-15,----------,active,phyzical
1166,535,20,2022-04-12,----------,active,web
1167,536,10,2022-02-14,----------,active,web
1168,536,11,2022-02-23,----------,active,phyzical
1169,537,19,2021-03-22,----------,active,phyzical
1170,537,17,2021-05-20,----------,active,web
1171,538,19,2022-05-13,----------,active,phyzical
1172,538,20,2022-05-13,----------,active,web
1173,539,1,2022-02-03,----------,active,web
1174,539,2,2022-02-07,----------,active,phyzical
1175,540,10,2021-09-29,----------,active,phyzical
1176,540,11,2021-10-14,----------,active,web
1177,541,4,2021-12-25,----------,active,phyzical
1178,542,9,2022-01-08,----------,active,web
1179,542,14,2021-03-01,----------,active,phyzical
1180,543,10,2021-09-22,----------,active,web
1181,543,13,2021-10-05,----------,active,web
1182,544,9,2022-01-31,----------,active,web
1183,544,10,2022-04-13,----------,active,web
1184,544,11,2022-05-05,----------,active,web
1185,545,10,2022-05-08,----------,active,phyzical
1186,545,13,2022-05-08,----------,active,web
1187,545,4,2022-05-08,----------,active,web
1188,546,10,2021-07-20,----------,active,phyzical
1189,546,10,2022-03-27,----------,active,phyzical
1190,546,13,2022-05-16,----------,active,phyzical
1191,547,1,2022-02-06,----------,active,phyzical
1192,547,1,2022-02-24,----------,active,web
1193,548,19,2021-07-17,----------,active,web
1194,548,4,2022-03-20,----------,active,web
1195,549,14,2022-05-01,----------,active,web
1196,549,15,2022-05-01,----------,active,web
1197,549,10,2022-04-18,----------,active,phyzical
1198,550,5,2020-12-13,----------,active,web
1199,551,14,2022-03-28,----------,active,web
1200,551,10,2022-05-17,----------,active,phyzical
1201,551,13,2022-05-17,----------,active,phyzical
1202,552,10,2022-03-17,----------,active,web
1203,553,4,2021-05-22,----------,active,web
1204,553,19,2020-06-17,----------,active,web
1205,553,20,2021-03-21,----------,active,web
1206,554,9,2021-09-16,----------,active,phyzical
1207,555,10,2021-04-25,----------,active,web
1208,555,13,2021-09-06,----------,active,phyzical
1209,555,10,2021-08-17,----------,active,phyzical
1210,556,3,2020-12-08,----------,active,phyzical
1211,556,4,2022-01-23,----------,active,web
1212,557,10,2022-02-27,----------,active,web
1213,557,12,2022-03-29,----------,active,web
1214,558,14,2020-12-24,----------,active,web
1215,559,5,2021-07-09,----------,active,phyzical
1216,559,6,2022-04-06,----------,active,web
1217,560,19,2021-11-25,----------,active,phyzical
1218,560,10,2021-08-03,----------,active,web
1219,560,12,2021-08-07,----------,active,web
1220,561,10,2021-05-13,2021-10-04,inactive,web
1221,562,14,2021-08-04,----------,active,web
1222,562,5,2022-02-13,----------,active,web
1223,563,10,2021-04-07,----------,active,web
1224,563,11,2021-07-13,----------,active,web
1225,563,9,2021-04-22,2021-11-12,inactive,web
1226,564,3,2021-12-21,----------,active,phyzical
1227,564,5,2022-04-05,----------,active,web
1228,565,1,2022-05-17,----------,active,web
1229,565,2,2022-05-17,----------,active,web
1230,565,18,2020-11-10,----------,active,web
1231,566,10,2022-02-23,----------,active,web
1232,566,1,2021-11-18,----------,active,phyzical
1233,567,5,2022-05-19,----------,active,phyzical
1234,567,6,2022-05-19,----------,active,web
1235,567,8,2022-04-27,----------,active,web
1236,568,19,2021-11-09,2022-01-28,inactive,web
1237,568,20,2021-12-16,----------,active,web
1238,568,14,2021-06-29,2021-09-10,inactive,web
1239,568,15,2021-07-28,----------,active,phyzical
1240,569,10,2020-12-28,----------,active,phyzical
1241,569,12,2021-05-29,----------,active,web
1242,570,10,2020-11-08,----------,active,phyzical
1243,570,13,2021-09-27,----------,active,phyzical
1244,570,14,2020-09-07,----------,active,web
1245,570,15,2021-10-05,----------,active,web
1246,571,14,2020-07-11,----------,active,web
1247,571,14,2020-07-19,----------,active,web
1248,571,15,2021-12-07,----------,active,phyzical
1249,572,18,2020-04-13,----------,active,web
1250,572,9,2021-03-11,----------,active,web
1251,573,1,2021-11-23,----------,active,web
1252,573,10,2021-09-23,----------,active,web
1253,573,11,2021-11-22,----------,active,phyzical
1254,574,3,2021-03-01,----------,active,web
1255,575,10,2021-11-27,----------,active,web
1256,575,10,2021-12-20,----------,active,phyzical
1257,575,13,2022-05-14,----------,active,phyzical
1258,576,5,2020-07-17,2021-06-03,inactive,web
1259,577,5,2021-07-20,----------,active,web
1260,577,7,2022-01-06,----------,active,web
1261,577,14,2022-03-29,----------,active,phyzical
1262,578,10,2021-07-13,----------,active,web
1263,578,11,2022-05-02,----------,active,web
1264,578,14,2022-03-17,----------,active,phyzical
1265,578,15,2022-03-18,----------,active,web
1266,579,16,2021-12-16,----------,active,web
1267,579,14,2022-01-09,----------,active,web
1268,580,4,2021-07-25,----------,active,web
1269,580,1,2020-06-01,----------,active,web
1270,580,2,2021-09-27,----------,active,web
1271,581,16,2022-04-28,----------,active,web
1272,582,5,2020-06-20,----------,active,phyzical
1273,582,6,2022-04-02,----------,active,web
1274,582,10,2020-10-31,----------,active,phyzical
1275,582,11,2021-06-11,----------,active,phyzical
1276,583,4,2021-12-24,----------,active,web
1277,583,3,2021-11-12,2022-01-20,inactive,web
1278,584,5,2021-03-08,----------,active,web
1279,584,7,2021-07-14,----------,active,web
1280,584,14,2020-12-03,----------,active,phyzical
1281,585,3,2022-02-13,----------,active,web
1282,586,4,2022-04-13,----------,active,web
1283,586,10,2022-01-08,----------,active,web
1284,586,11,2022-01-15,----------,active,phyzical
1285,587,10,2021-08-21,----------,active,phyzical
1286,587,13,2022-01-08,----------,active,web
1287,588,10,2021-10-22,----------,active,phyzical
1288,589,5,2021-08-18,----------,active,web
1289,590,19,2020-02-13,----------,active,phyzical
1290,590,20,2021-09-27,----------,active,web
1291,590,18,2020-02-13,----------,active,web
1292,591,10,2021-04-21,----------,active,web
1293,591,13,2021-04-27,2022-01-05,inactive,phyzical
1294,591,8,2021-07-03,2021-10-13,inactive,web
1295,592,4,2021-08-20,----------,active,web
1296,593,10,2020-12-25,----------,active,web
1297,593,12,2021-08-31,----------,active,web
1298,593,9,2020-12-25,----------,active,phyzical
1299,594,8,2021-11-27,----------,active,web
1300,594,5,2021-08-07,----------,active,web
1301,594,6,2021-10-08,----------,active,web
1302,595,4,2021-08-06,----------,active,web
1303,596,14,2022-01-10,----------,active,web
1304,596,15,2022-04-04,----------,active,web
1305,596,18,2022-02-23,----------,active,web
1306,597,4,2020-11-23,----------,active,web
1307,597,17,2020-08-28,----------,active,web
1308,598,5,2021-08-02,----------,active,web
1309,598,7,2021-08-04,----------,active,web
1310,599,18,2021-12-01,----------,active,web
1311,599,1,2021-11-16,----------,active,phyzical
1312,600,5,2022-05-13,----------,active,web
1313,600,10,2022-04-10,----------,active,web
1314,600,13,2022-05-14,----------,active,phyzical
1315,601,4,2021-07-20,----------,active,phyzical
1316,602,14,2022-02-18,----------,active,web
1317,602,15,2022-04-22,----------,active,web
1318,603,14,2021-12-30,----------,active,web
1319,603,4,2022-05-17,----------,active,web
1320,604,16,2021-06-02,2021-09-25,inactive,web
1321,605,10,2020-10-08,2021-06-11,inactive,web
1322,606,8,2021-10-18,----------,active,web
1323,606,14,2020-10-30,----------,active,web
1324,606,15,2021-07-22,----------,active,web
1325,607,10,2022-04-14,----------,active,web
1326,607,11,2022-05-05,----------,active,web
1327,607,14,2020-04-22,----------,active,web
1328,607,15,2021-12-06,----------,active,web
1329,608,3,2020-11-18,----------,active,web
1330,609,10,2020-11-17,2021-01-28,inactive,web
1331,609,13,2021-01-13,----------,active,web
1332,609,10,2021-08-10,----------,active,web
1333,609,11,2021-10-20,----------,active,web
1334,610,19,2020-12-18,----------,active,web
1335,610,20,2021-09-08,----------,active,web
1336,611,8,2022-03-04,----------,active,web
1337,612,17,2022-04-11,----------,active,web
1338,612,4,2021-11-10,----------,active,web
1339,613,18,2021-09-17,2022-03-17,inactive,web
1340,614,8,2021-11-30,----------,active,web
1341,614,8,2022-03-11,----------,active,phyzical
1342,615,14,2021-01-10,2021-06-06,inactive,web
1343,616,10,2022-05-12,----------,active,web
1344,616,11,2022-05-12,----------,active,web
1345,616,14,2021-05-07,2022-04-02,inactive,web
1346,616,15,2021-08-02,----------,active,web
1347,617,5,2022-02-02,----------,active,web
1348,618,5,2020-08-17,----------,active,phyzical
1349,618,6,2021-11-20,----------,active,web
1350,618,8,2020-12-02,2021-05-13,inactive,web
1351,619,1,2020-10-08,----------,active,web
1352,619,2,2020-12-04,----------,active,phyzical
1353,619,4,2020-10-05,----------,active,web
1354,620,1,2022-03-28,----------,active,web
1355,620,2,2022-04-04,----------,active,web
1356,621,1,2021-06-05,----------,active,phyzical
1357,621,2,2022-02-08,----------,active,web
1358,621,17,2021-07-23,----------,active,web
1359,622,10,2022-03-30,----------,active,web
1360,622,12,2022-05-06,----------,active,web
1361,622,10,2022-03-21,----------,active,phyzical
1362,622,12,2022-04-21,----------,active,web
1363,623,5,2021-10-06,----------,active,web
1364,624,19,2022-02-24,----------,active,web
1365,624,20,2022-05-14,----------,active,web
1366,624,19,2022-02-16,----------,active,web
1367,624,20,2022-04-29,----------,active,web
1368,625,8,2021-08-08,----------,active,web
1369,626,8,2021-03-05,----------,active,web
1370,626,10,2020-10-20,----------,active,web
1371,627,17,2022-04-30,----------,active,phyzical
1372,628,3,2021-03-18,----------,active,web
1373,629,18,2022-01-12,----------,active,phyzical
1374,629,14,2021-03-03,----------,active,phyzical
1375,629,15,2022-01-14,----------,active,web
1376,630,14,2022-04-25,----------,active,web
1377,631,4,2021-01-30,----------,active,web
1378,632,8,2021-06-03,----------,active,web
1379,633,14,2021-06-06,2022-04-29,inactive,phyzical
1380,633,10,2021-10-10,----------,active,web
1381,633,13,2021-11-06,----------,active,phyzical
1382,634,10,2021-05-26,----------,active,web
1383,634,11,2021-09-16,----------,active,web
1384,635,1,2021-12-11,----------,active,phyzical
1385,635,2,2021-12-12,----------,active,phyzical
1386,635,4,2022-04-24,----------,active,web
1387,636,3,2022-03-16,----------,active,web
1388,637,10,2022-05-11,----------,active,web
1389,637,13,2022-05-11,----------,active,web
1390,638,5,2021-07-01,----------,active,web
1391,638,7,2021-08-11,----------,active,phyzical
1392,639,9,2021-02-09,----------,active,web
1393,640,5,2022-03-19,----------,active,web
1394,640,6,2022-04-22,----------,active,web
1395,640,5,2021-06-24,2022-03-06,inactive,phyzical
1396,640,7,2021-12-26,2022-02-04,inactive,web
1397,641,10,2020-09-30,----------,active,web
1398,641,13,2020-12-29,----------,active,web
1399,642,10,2021-02-01,----------,active,web
1400,642,11,2021-06-10,----------,active,web
1401,642,16,2020-09-07,----------,active,phyzical
1402,643,17,2022-05-01,----------,active,phyzical
1403,643,1,2022-05-06,----------,active,web
1404,643,2,2022-05-06,----------,active,web
1405,644,16,2021-08-09,----------,active,web
1406,644,14,2021-08-01,----------,active,web
1407,645,5,2021-10-11,----------,active,phyzical
1408,645,4,2021-12-01,----------,active,phyzical
1409,646,5,2022-03-26,----------,active,phyzical
1410,646,6,2022-04-25,----------,active,web
1411,647,3,2022-02-03,----------,active,web
1412,647,17,2022-01-27,----------,active,web
1413,648,14,2021-10-01,----------,active,web
1414,648,15,2021-12-18,----------,active,web
1415,649,17,2020-08-23,2020-10-26,inactive,web
1416,650,19,2021-08-23,----------,active,web
1417,651,14,2022-02-03,----------,active,web
1418,651,15,2022-04-21,----------,active,web
1419,651,19,2022-05-10,----------,active,web
1420,652,9,2021-07-07,----------,active,phyzical
1421,653,3,2022-03-15,----------,active,phyzical
1422,653,5,2022-01-05,----------,active,phyzical
1423,654,18,2022-03-21,----------,active,phyzical
1424,655,19,2021-06-15,----------,active,web
1425,655,20,2022-03-03,----------,active,web
1426,655,5,2021-08-15,----------,active,web
1427,655,7,2021-09-09,----------,active,web
1428,656,10,2021-10-06,----------,active,web
1429,656,17,2021-12-30,----------,active,phyzical
1430,657,19,2020-06-27,2021-06-07,inactive,web
1431,657,20,2020-09-25,2021-06-06,inactive,phyzical
1432,658,10,2020-06-01,----------,active,web
1433,658,13,2022-05-12,----------,active,phyzical
1434,659,10,2022-04-30,----------,active,phyzical
1435,659,13,2022-04-30,----------,active,web
1436,660,5,2022-05-12,----------,active,web
1437,660,6,2022-05-12,----------,active,web
1438,661,14,2020-05-31,----------,active,web
1439,661,9,2020-05-31,----------,active,web
1440,662,10,2021-10-03,----------,active,web
1441,662,12,2021-12-11,----------,active,web
1442,662,17,2022-02-04,----------,active,phyzical
1443,663,14,2021-08-11,----------,active,phyzical
1444,664,16,2022-02-19,----------,active,web
1445,664,18,2020-06-25,----------,active,phyzical
1446,665,16,2021-04-05,----------,active,web
1447,666,17,2022-05-01,----------,active,web
1448,667,4,2022-03-04,----------,active,web
1449,668,17,2021-10-14,----------,active,web
1450,668,10,2022-02-12,----------,active,phyzical
1451,668,12,2022-02-21,----------,active,web
1452,669,10,2022-03-23,----------,active,phyzical
1453,669,11,2022-05-04,----------,active,phyzical
1454,669,14,2022-04-26,----------,active,web
1455,669,15,2022-04-26,----------,active,phyzical
1456,670,5,2020-09-22,2020-11-12,inactive,phyzical
1457,670,7,2020-11-07,----------,active,web
1458,671,14,2021-10-27,----------,active,phyzical
1459,671,15,2022-03-18,----------,active,phyzical
1460,672,14,2021-08-14,----------,active,phyzical
1461,673,10,2020-12-01,2021-05-23,inactive,web
1462,673,13,2021-05-05,----------,active,phyzical
1463,674,9,2022-04-07,----------,active,phyzical
1464,675,10,2021-05-01,----------,active,phyzical
1465,675,11,2022-02-27,----------,active,web
1466,676,5,2022-04-09,----------,active,web
1467,676,10,2022-05-04,----------,active,web
1468,676,11,2022-05-04,----------,active,phyzical
1469,677,5,2022-05-05,----------,active,phyzical
1470,677,6,2022-05-05,----------,active,web
1471,678,19,2021-09-30,----------,active,web
1472,678,20,2022-01-07,----------,active,web
1473,678,10,2021-01-16,----------,active,web
1474,679,1,2022-03-17,----------,active,web
1475,679,17,2022-02-13,2022-04-25,inactive,web
1476,680,17,2022-05-14,----------,active,phyzical
1477,680,1,2022-01-31,----------,active,phyzical
1478,680,2,2022-02-19,----------,active,phyzical
1479,681,10,2021-02-22,----------,active,phyzical
1480,681,13,2022-03-05,----------,active,web
1481,682,8,2021-09-20,----------,active,phyzical
1482,682,19,2022-05-13,----------,active,phyzical
1483,682,20,2022-05-13,----------,active,phyzical
1484,683,9,2022-05-15,----------,active,web
1485,683,5,2021-08-08,2021-10-26,inactive,phyzical
1486,683,7,2021-09-27,----------,active,web
1487,684,19,2022-05-12,----------,active,phyzical
1488,684,20,2022-05-12,----------,active,phyzical
1489,684,16,2022-04-07,----------,active,web
1490,685,10,2021-11-09,----------,active,web
1491,685,12,2021-12-25,----------,active,web
1492,686,18,2021-06-21,2021-08-25,inactive,web
1493,686,8,2021-10-21,----------,active,web
1494,687,4,2021-12-26,----------,active,web
1495,687,9,2022-01-08,----------,active,phyzical
1496,688,19,2022-02-28,----------,active,web
1497,688,10,2022-04-02,----------,active,phyzical
1498,689,19,2021-07-22,----------,active,web
1499,689,20,2021-10-21,----------,active,web
1500,689,1,2021-03-27,----------,active,web
1501,689,2,2021-10-18,----------,active,phyzical
1502,690,10,2022-05-07,----------,active,web
1503,690,13,2022-05-07,----------,active,web
1504,690,10,2022-03-12,----------,active,web
1505,690,11,2022-04-01,----------,active,web
1506,691,5,2021-06-23,----------,active,web
1507,691,7,2021-07-30,----------,active,phyzical
1508,692,10,2021-01-06,2021-12-28,inactive,phyzical
1509,692,13,2021-05-05,2021-06-08,inactive,web
1510,693,16,2021-11-01,----------,active,phyzical
1511,693,14,2022-02-06,----------,active,web
1512,694,4,2021-10-19,----------,active,phyzical
1513,694,9,2022-03-31,----------,active,phyzical
1514,695,5,2021-09-19,----------,active,web
1515,695,18,2022-04-23,----------,active,web
1516,696,10,2021-04-22,----------,active,web
1517,696,12,2022-04-21,----------,active,phyzical
1518,697,10,2021-07-18,2021-11-13,inactive,web
1519,698,17,2022-05-12,----------,active,phyzical
1520,698,5,2022-03-27,----------,active,web
1521,698,7,2022-04-07,----------,active,phyzical
1522,699,5,2022-03-22,----------,active,phyzical
1523,699,7,2022-05-17,----------,active,web
1524,699,5,2022-04-16,----------,active,web
1525,699,6,2022-04-24,----------,active,web
1526,700,5,2021-07-17,2021-10-08,inactive,web
1527,700,6,2021-09-18,----------,active,phyzical
1528,701,10,2022-05-05,----------,active,web
1529,701,13,2022-05-05,----------,active,phyzical
1530,701,5,2022-02-15,----------,active,web
1531,702,10,2020-06-13,----------,active,phyzical
1532,703,5,2022-02-16,----------,active,web
1533,703,6,2022-04-21,----------,active,web
1534,704,10,2021-11-30,----------,active,web
1535,704,13,2022-04-01,----------,active,web
1536,705,17,2020-08-15,----------,active,web
1537,706,10,2022-05-15,----------,active,web
1538,706,13,2022-05-15,----------,active,web
1539,706,10,2022-02-15,----------,active,web
1540,706,11,2022-04-22,----------,active,web
1541,707,3,2022-05-11,----------,active,web
1542,708,3,2021-05-16,----------,active,web
1543,709,5,2021-09-02,2022-04-01,inactive,phyzical
1544,709,6,2022-01-27,2022-03-17,inactive,web
1545,709,17,2021-01-21,----------,active,web
1546,710,10,2021-12-03,----------,active,web
1547,710,13,2022-04-10,----------,active,phyzical
1548,711,19,2021-02-16,----------,active,phyzical
1549,711,20,2021-12-06,----------,active,web
1550,712,18,2020-04-02,2021-02-11,inactive,web
1551,712,9,2020-12-15,2021-02-16,inactive,web
1552,713,17,2021-07-01,----------,active,web
1553,714,3,2020-05-04,----------,active,web
1554,714,19,2022-04-25,----------,active,web
1555,715,1,2021-07-04,----------,active,phyzical
1556,715,2,2021-09-12,2021-12-13,inactive,web
1557,716,19,2021-06-03,----------,active,web
1558,716,10,2022-01-04,----------,active,web
1559,716,13,2022-02-10,----------,active,web
1560,717,14,2021-09-05,----------,active,web
1561,718,14,2022-05-01,----------,active,phyzical
1562,719,10,2021-11-02,----------,active,phyzical
1563,720,14,2020-07-10,----------,active,web
1564,720,15,2021-11-10,----------,active,phyzical
1565,721,18,2022-05-03,----------,active,web
1566,721,14,2022-05-16,----------,active,web
1567,722,14,2021-10-22,----------,active,web
1568,722,15,2021-10-30,----------,active,web
1569,723,19,2021-02-25,2021-05-25,inactive,web
1570,724,17,2022-05-01,----------,active,phyzical
1571,725,16,2021-04-28,2021-07-08,inactive,web
1572,726,10,2021-04-17,----------,active,web
1573,726,13,2021-05-08,----------,active,web
1574,726,16,2021-12-31,----------,active,phyzical
1575,727,1,2022-03-01,----------,active,web
1576,727,2,2022-03-10,----------,active,web
1577,728,3,2021-10-19,----------,active,web
1578,728,5,2021-10-19,----------,active,web
1579,728,6,2021-11-19,----------,active,phyzical
1580,729,19,2021-12-01,----------,active,web
1581,729,14,2021-03-25,----------,active,web
1582,729,15,2021-09-27,----------,active,phyzical
1583,730,3,2022-03-20,----------,active,web
1584,730,10,2021-12-17,----------,active,web
1585,730,11,2022-05-11,----------,active,web
1586,731,17,2021-04-23,2022-05-17,inactive,phyzical
1587,732,16,2021-05-22,----------,active,web
1588,732,18,2021-08-28,----------,active,web
1589,733,17,2022-01-19,----------,active,web
1590,734,10,2022-02-25,----------,active,phyzical
1591,734,12,2022-03-19,----------,active,phyzical
1592,734,10,2022-02-08,----------,active,web
1593,734,11,2022-04-22,----------,active,phyzical
1594,735,10,2022-05-11,----------,active,phyzical
1595,735,12,2022-05-11,----------,active,web
1596,735,10,2021-07-21,----------,active,phyzical
1597,736,19,2022-04-06,----------,active,web
1598,736,10,2021-03-15,----------,active,web
1599,737,18,2021-04-02,----------,active,phyzical
1600,737,9,2022-01-30,----------,active,web
1601,738,9,2020-08-10,2021-08-03,inactive,web
1602,739,8,2021-08-24,2022-03-08,inactive,phyzical
1603,739,5,2022-04-06,----------,active,web
1604,739,7,2022-04-25,----------,active,web
1605,740,17,2021-09-15,2022-02-26,inactive,web
1606,740,9,2021-10-30,----------,active,phyzical
1607,741,16,2021-04-14,2022-03-26,inactive,web
1608,741,10,2021-09-30,----------,active,phyzical
1609,741,12,2022-03-13,----------,active,web
1610,742,8,2021-07-12,----------,active,web
1611,743,16,2020-01-05,----------,active,web
1612,743,14,2020-01-05,----------,active,web
1613,744,10,2021-01-23,----------,active,web
1614,745,5,2021-10-12,2022-04-19,inactive,phyzical
1615,745,7,2022-01-11,2022-04-15,inactive,web
1616,745,1,2021-05-12,2021-12-21,inactive,web
1617,745,2,2021-06-25,2021-09-12,inactive,web
1618,746,4,2022-04-26,----------,active,web
1619,746,19,2022-04-20,----------,active,web
1620,746,20,2022-04-20,----------,active,web
1621,747,1,2022-04-25,----------,active,web
1622,748,19,2021-04-28,----------,active,web
1623,748,20,2022-03-25,----------,active,phyzical
1624,749,10,2022-01-19,----------,active,phyzical
1625,749,16,2022-04-07,----------,active,phyzical
1626,750,8,2021-04-01,----------,active,web
1627,750,1,2021-06-11,----------,active,phyzical
1628,750,2,2022-01-28,----------,active,web
1629,751,10,2020-12-28,----------,active,web
1630,751,12,2021-09-09,----------,active,phyzical
1631,751,19,2022-01-25,----------,active,web
1632,752,19,2020-03-16,2021-01-10,inactive,web
1633,752,20,2020-06-18,2020-08-21,inactive,web
1634,753,10,2022-05-01,----------,active,web
1635,753,13,2022-05-01,----------,active,web
1636,754,14,2022-04-15,----------,active,phyzical
1637,755,1,2020-12-07,2021-07-02,inactive,phyzical
1638,755,2,2021-03-07,2021-04-30,inactive,phyzical
1639,755,10,2020-09-27,2021-02-04,inactive,web
1640,755,11,2020-11-11,2021-01-05,inactive,web
1641,756,14,2022-04-20,----------,active,web
1642,756,14,2021-07-20,----------,active,phyzical
1643,757,14,2022-01-19,2022-03-03,inactive,phyzical
1644,758,17,2020-05-01,----------,active,phyzical
1645,759,5,2021-10-15,----------,active,web
1646,759,17,2022-03-07,----------,active,phyzical
1647,760,14,2022-05-14,----------,active,web
1648,760,15,2022-05-14,----------,active,phyzical
1649,760,14,2022-05-14,----------,active,phyzical
1650,760,15,2022-05-14,----------,active,web
1651,761,14,2021-07-23,----------,active,web
1652,761,15,2021-12-17,----------,active,web
1653,762,3,2020-09-30,----------,active,web
1654,763,10,2021-01-11,----------,active,phyzical
1655,763,11,2021-04-14,----------,active,web
1656,763,3,2022-03-24,----------,active,web
1657,764,14,2022-01-16,----------,active,web
1658,764,15,2022-04-09,----------,active,web
1659,765,1,2020-08-11,2020-11-28,inactive,web
1660,765,1,2020-09-25,----------,active,web
1661,766,5,2021-10-16,----------,active,web
1662,766,7,2021-12-01,----------,active,phyzical
1663,766,16,2021-04-16,2022-03-15,inactive,web
1664,767,5,2021-06-05,2021-10-25,inactive,web
1665,767,7,2021-08-26,----------,active,phyzical
1666,768,10,2021-02-21,----------,active,phyzical
1667,768,11,2021-09-30,----------,active,web
1668,768,19,2021-01-21,----------,active,phyzical
1669,769,5,2021-01-18,2021-04-06,inactive,web
1670,769,6,2021-01-23,----------,active,web
1671,769,17,2022-04-11,----------,active,phyzical
1672,770,14,2021-07-22,----------,active,web
1673,771,10,2022-03-26,----------,active,phyzical
1674,771,12,2022-04-20,----------,active,phyzical
1675,772,1,2020-12-04,2021-02-25,inactive,web
1676,772,17,2020-09-02,2020-12-08,inactive,web
1677,773,14,2021-08-18,----------,active,phyzical
1678,773,15,2021-12-03,----------,active,web
1679,773,9,2020-11-28,----------,active,web
1680,774,14,2021-12-30,----------,active,phyzical
1681,774,15,2022-05-12,----------,active,phyzical
1682,775,19,2022-02-13,----------,active,phyzical
1683,775,8,2021-11-21,----------,active,phyzical
1684,776,4,2022-03-30,----------,active,phyzical
1685,777,18,2022-04-16,----------,active,phyzical
1686,777,10,2022-05-06,----------,active,web
1687,777,12,2022-05-06,----------,active,phyzical
1688,778,4,2022-05-18,----------,active,phyzical
1689,779,10,2021-01-02,----------,active,phyzical
1690,779,11,2021-09-17,----------,active,phyzical
1691,779,3,2021-02-24,----------,active,web
1692,780,10,2022-01-21,2022-03-17,inactive,web
1693,780,11,2022-01-26,----------,active,web
1694,780,10,2021-11-07,----------,active,web
1695,780,12,2021-11-28,----------,active,web
1696,781,3,2020-07-26,----------,active,phyzical
1697,782,18,2020-12-02,----------,active,web
1698,783,5,2021-05-21,----------,active,web
1699,783,6,2021-07-03,----------,active,web
1700,783,4,2022-05-06,----------,active,web
1701,784,14,2020-12-31,----------,active,web
1702,784,15,2022-01-29,----------,active,web
1703,784,10,2020-08-05,2020-09-18,inactive,web
1704,784,11,2020-08-13,----------,active,phyzical
1705,785,5,2022-04-04,----------,active,web
1706,785,10,2021-11-18,----------,active,web
1707,786,1,2021-08-25,----------,active,phyzical
1708,786,2,2022-04-22,----------,active,web
1709,787,10,2022-01-24,----------,active,web
1710,788,5,2021-02-11,----------,active,phyzical
1711,789,18,2021-12-01,----------,active,web
1712,789,10,2021-10-29,----------,active,web
1713,790,17,2020-08-11,----------,active,phyzical
1714,790,8,2020-10-23,----------,active,web
1715,791,14,2021-02-24,----------,active,web
1716,791,15,2021-04-06,----------,active,phyzical
1717,791,1,2021-02-14,----------,active,web
1718,792,18,2021-03-11,----------,active,web
1719,793,1,2021-12-01,----------,active,phyzical
1720,793,2,2022-05-05,----------,active,web
1721,793,5,2021-07-25,2021-09-20,inactive,phyzical
1722,793,6,2021-09-02,----------,active,web
1723,794,10,2021-12-24,----------,active,web
1724,794,11,2022-03-25,----------,active,phyzical
1725,795,10,2021-12-19,----------,active,phyzical
1726,795,13,2021-12-19,----------,active,web
1727,796,1,2020-04-30,----------,active,phyzical
1728,796,2,2020-11-24,----------,active,phyzical
1729,796,19,2020-05-10,----------,active,web
1730,796,20,2021-07-22,----------,active,web
1731,797,14,2021-09-03,----------,active,web
1732,797,15,2022-01-13,----------,active,web
1733,798,18,2021-07-12,----------,active,web
1734,799,5,2021-03-02,----------,active,phyzical
1735,799,7,2022-01-23,----------,active,web
1736,799,1,2022-04-07,----------,active,web
1737,799,2,2022-04-29,----------,active,web
1738,800,16,2022-04-17,----------,active,phyzical
1739,800,17,2021-06-15,2022-03-16,inactive,web
1740,801,14,2021-08-10,----------,active,web
1741,802,1,2020-04-04,----------,active,web
1742,802,5,2021-11-19,2021-12-30,inactive,phyzical
1743,803,4,2022-04-03,----------,active,web
1744,803,9,2022-04-09,----------,active,web
1745,804,5,2022-02-25,----------,active,web
1746,804,7,2022-03-21,----------,active,web
1747,805,14,2021-07-16,2021-11-07,inactive,web
1748,805,14,2021-06-10,----------,active,web
1749,805,15,2021-12-26,----------,active,web
1750,806,9,2021-06-05,2021-08-08,inactive,phyzical
1751,806,10,2021-07-28,2021-09-11,inactive,phyzical
1752,806,13,2021-09-04,----------,active,web
1753,807,18,2020-05-02,----------,active,web
1754,807,10,2020-04-21,----------,active,web
1755,807,13,2021-06-20,----------,active,web
1756,808,10,2021-08-20,----------,active,web
1757,808,11,2022-03-02,----------,active,web
1758,809,5,2022-04-18,----------,active,web
1759,809,17,2022-05-13,----------,active,web
1760,810,18,2022-04-20,----------,active,web
1761,810,19,2022-04-28,----------,active,web
1762,810,20,2022-04-28,----------,active,web
1763,811,5,2022-03-02,----------,active,phyzical
1764,812,14,2022-02-25,----------,active,phyzical
1765,812,15,2022-04-26,----------,active,web
1766,813,9,2021-09-26,2022-04-14,inactive,web
1767,813,18,2021-07-12,----------,active,phyzical
1768,814,10,2020-09-25,2021-04-22,inactive,phyzical
1769,814,3,2021-01-14,2021-12-29,inactive,web
1770,815,18,2022-03-04,----------,active,phyzical
1771,815,3,2022-03-26,----------,active,web
1772,816,19,2022-04-05,----------,active,phyzical
1773,816,20,2022-04-25,----------,active,web
1774,817,10,2021-11-25,----------,active,web
1775,817,11,2022-04-09,----------,active,web
1776,818,5,2021-12-29,----------,active,web
1777,819,3,2021-07-17,----------,active,phyzical
1778,820,18,2021-12-21,----------,active,web
1779,821,17,2020-12-17,----------,active,phyzical
1780,821,1,2022-04-17,----------,active,web
1781,821,2,2022-05-02,----------,active,web
1782,822,3,2020-09-21,----------,active,web
1783,822,19,2020-09-21,----------,active,phyzical
1784,822,20,2021-08-04,----------,active,web
1785,823,19,2021-11-25,----------,active,web
1786,823,20,2021-12-14,----------,active,web
1787,824,16,2022-01-28,----------,active,phyzical
1788,824,4,2021-12-19,----------,active,phyzical
1789,825,10,2021-08-16,----------,active,web
1790,825,11,2021-12-20,----------,active,phyzical
1791,825,19,2022-04-02,----------,active,phyzical
1792,825,20,2022-05-06,----------,active,web
1793,826,4,2021-08-02,----------,active,web
1794,826,3,2021-01-27,----------,active,phyzical
1795,827,18,2022-04-25,----------,active,web
1796,827,10,2022-01-08,----------,active,web
1797,827,13,2022-04-23,----------,active,web
1798,828,1,2022-04-18,----------,active,phyzical
1799,828,2,2022-04-18,----------,active,web
1800,828,5,2022-04-18,----------,active,web
1801,829,17,2022-02-25,----------,active,phyzical
1802,829,19,2022-04-29,----------,active,web
1803,829,20,2022-04-29,----------,active,web
1804,830,10,2021-11-27,----------,active,phyzical
1805,830,14,2021-07-20,----------,active,phyzical
1806,831,19,2022-02-25,----------,active,phyzical
1807,831,20,2022-05-08,----------,active,web
1808,832,4,2021-03-12,----------,active,phyzical
1809,832,10,2021-10-13,----------,active,web
1810,832,12,2021-12-24,----------,active,phyzical
1811,833,14,2020-10-26,2020-12-17,inactive,phyzical
1812,833,15,2020-12-04,----------,active,web
1813,833,19,2020-11-14,2021-01-23,inactive,web
1814,834,10,2021-10-17,----------,active,web
1815,834,11,2022-05-11,----------,active,web
1816,834,8,2021-11-09,----------,active,web
1817,835,10,2022-03-06,----------,active,web
1818,835,13,2022-04-18,----------,active,web
1819,836,17,2022-04-24,----------,active,web
1820,836,14,2022-02-08,----------,active,web
1821,837,10,2021-01-15,----------,active,web
1822,837,11,2021-07-26,----------,active,web
1823,838,10,2021-01-17,2021-02-25,inactive,web
1824,838,13,2021-01-17,----------,active,web
1825,838,10,2022-04-17,----------,active,web
1826,839,5,2022-04-22,----------,active,web
1827,839,6,2022-04-22,----------,active,web
1828,839,19,2022-05-08,----------,active,web
1829,840,10,2021-08-25,----------,active,web
1830,840,12,2021-10-23,2022-05-09,inactive,web
1831,841,4,2021-01-09,----------,active,web
1832,842,10,2022-01-23,----------,active,web
1833,842,13,2022-04-14,----------,active,web
1834,842,4,2022-03-28,----------,active,phyzical
1835,843,16,2021-06-24,----------,active,web
1836,844,14,2020-12-13,2021-04-02,inactive,web
1837,844,15,2021-02-22,----------,active,phyzical
1838,844,9,2020-11-21,2021-05-17,inactive,web
1839,845,17,2022-03-07,----------,active,web
1840,845,17,2022-03-04,----------,active,web
1841,846,5,2022-03-01,----------,active,phyzical
1842,847,14,2022-04-12,----------,active,web
1843,847,15,2022-05-14,----------,active,phyzical
1844,847,9,2021-11-07,----------,active,phyzical
1845,848,4,2022-01-07,----------,active,web
1846,849,10,2022-05-01,----------,active,web
1847,849,11,2022-05-01,----------,active,web
1848,849,14,2022-03-28,----------,active,web
1849,849,15,2022-04-14,----------,active,web
1850,850,10,2020-05-28,2020-09-02,inactive,web
1851,851,14,2021-06-18,----------,active,web
1852,851,10,2021-03-04,----------,active,web
1853,852,5,2020-09-30,2020-11-07,inactive,phyzical
1854,852,7,2020-10-18,----------,active,web
1855,852,14,2020-10-28,2020-12-12,inactive,phyzical
1856,853,18,2020-07-12,----------,active,phyzical
1857,853,10,2020-11-14,----------,active,phyzical
1858,853,12,2021-01-07,----------,active,web
1859,854,18,2021-02-16,----------,active,web
1860,854,4,2021-06-28,----------,active,web
1861,855,9,2022-04-02,----------,active,web
1862,856,8,2020-09-05,----------,active,web
1863,856,10,2020-04-20,----------,active,web
1864,856,13,2021-05-24,----------,active,web
1865,857,5,2021-08-31,----------,active,phyzical
1866,857,7,2021-11-19,----------,active,web
1867,857,4,2020-12-28,----------,active,web
1868,858,19,2020-09-29,2020-11-05,inactive,phyzical
1869,858,20,2020-10-09,----------,active,web
1870,858,1,2022-03-21,----------,active,web
1871,859,5,2020-06-11,----------,active,web
1872,860,17,2022-04-17,----------,active,phyzical
1873,861,10,2021-05-28,----------,active,web
1874,861,13,2021-09-16,----------,active,web
1875,861,16,2020-03-25,----------,active,phyzical
1876,862,18,2022-05-14,----------,active,web
1877,862,19,2022-05-14,----------,active,web
1878,862,20,2022-05-14,----------,active,web
1879,863,10,2021-09-26,----------,active,web
1880,863,17,2021-06-29,----------,active,phyzical
1881,864,4,2022-03-13,----------,active,web
1882,864,8,2022-03-25,----------,active,phyzical
1883,865,5,2021-03-19,----------,active,web
1884,866,1,2020-09-18,2020-12-22,inactive,web
1885,867,17,2021-05-10,----------,active,web
1886,867,16,2021-09-15,----------,active,web
1887,868,5,2021-02-22,----------,active,web
1888,868,7,2021-12-31,----------,active,phyzical
1889,869,5,2022-02-16,----------,active,web
1890,870,10,2021-07-06,2022-04-21,inactive,web
1891,870,5,2021-03-02,----------,active,phyzical
1892,870,6,2022-03-09,----------,active,web
1893,871,8,2020-10-02,----------,active,web
1894,871,5,2021-08-28,----------,active,phyzical
1895,872,16,2021-11-24,----------,active,phyzical
1896,873,10,2021-12-24,----------,active,web
1897,873,12,2022-04-10,----------,active,web
1898,874,10,2021-04-21,----------,active,web
1899,874,13,2021-08-23,----------,active,web
1900,875,14,2020-08-31,2021-04-28,inactive,web
1901,875,15,2021-04-23,----------,active,phyzical
1902,876,10,2021-07-27,----------,active,phyzical
1903,876,11,2021-08-19,----------,active,web
1904,876,10,2020-07-04,----------,active,web
1905,876,12,2021-10-30,----------,active,web
1906,877,1,2021-12-12,----------,active,web
1907,877,2,2021-12-26,----------,active,web
1908,878,14,2022-03-20,----------,active,phyzical
1909,878,5,2022-02-20,----------,active,web
1910,878,7,2022-03-08,----------,active,web
1911,879,18,2020-12-20,2021-06-06,inactive,web
1912,879,1,2022-02-18,2022-03-27,inactive,phyzical
1913,879,2,2022-03-25,----------,active,phyzical
1914,880,4,2022-04-01,----------,active,web
1915,881,5,2021-09-24,2022-02-28,inactive,web
1916,882,19,2021-01-22,----------,active,web
1917,882,20,2021-07-24,----------,active,web
1918,882,9,2022-02-22,----------,active,phyzical
1919,883,19,2021-05-19,2021-08-21,inactive,web
1920,883,20,2021-07-19,----------,active,phyzical
1921,883,10,2022-03-02,----------,active,web
1922,883,12,2022-03-09,----------,active,web
1923,884,10,2022-02-08,----------,active,phyzical
1924,884,12,2022-03-27,----------,active,web
1925,885,5,2022-03-12,----------,active,web
1926,885,7,2022-04-12,----------,active,web
1927,886,19,2020-11-16,----------,active,phyzical
1928,886,20,2022-01-03,----------,active,web
1929,886,8,2020-09-15,----------,active,web
1930,887,4,2020-10-19,----------,active,phyzical
1931,887,18,2020-12-16,----------,active,web
1932,888,17,2020-12-13,2021-06-27,inactive,phyzical
1933,889,5,2020-07-11,----------,active,web
1934,890,16,2021-10-11,----------,active,web
1935,890,18,2021-07-23,----------,active,web
1936,891,16,2021-09-26,2022-01-31,inactive,web
1937,891,8,2021-02-11,2021-06-27,inactive,web
1938,892,1,2022-02-19,----------,active,web
1939,892,1,2021-07-11,----------,active,web
1940,892,2,2021-07-12,----------,active,phyzical
1941,893,16,2021-11-22,----------,active,web
1942,894,9,2022-04-12,----------,active,phyzical
1943,894,17,2022-04-21,----------,active,web
1944,895,5,2022-03-09,----------,active,web
1945,895,7,2022-05-15,----------,active,phyzical
1946,895,19,2021-10-05,----------,active,phyzical
1947,896,8,2022-03-29,----------,active,web
1948,896,16,2021-11-11,----------,active,web
1949,897,5,2021-11-25,----------,active,web
1950,897,6,2022-04-17,----------,active,web
1951,898,16,2022-04-19,----------,active,web
1952,899,14,2021-02-04,----------,active,phyzical
1953,899,15,2022-04-08,----------,active,phyzical
1954,900,10,2021-11-11,----------,active,web
1955,900,11,2022-03-01,----------,active,web
1956,901,1,2020-10-26,----------,active,web
1957,901,2,2021-07-31,----------,active,web
1958,901,10,2020-07-10,----------,active,phyzical
1959,901,12,2021-11-24,----------,active,web
1960,902,19,2021-12-09,----------,active,web
1961,902,20,2022-01-30,----------,active,web
1962,903,4,2020-12-20,----------,active,web
1963,904,17,2021-03-06,----------,active,web
1964,904,10,2021-02-12,2021-09-16,inactive,web
1965,904,12,2021-09-09,----------,active,web
1966,905,1,2020-11-08,----------,active,phyzical
1967,905,1,2021-06-24,----------,active,web
1968,906,17,2021-12-10,----------,active,phyzical
1969,906,4,2022-03-11,----------,active,phyzical
1970,907,9,2021-04-27,----------,active,web
1971,907,5,2021-04-10,----------,active,web
1972,908,17,2021-08-12,----------,active,phyzical
1973,909,5,2020-06-26,2021-08-10,inactive,web
1974,910,3,2022-03-18,----------,active,web
1975,910,10,2021-05-21,2022-01-28,inactive,web
1976,910,12,2022-01-24,----------,active,web
1977,911,10,2022-03-18,----------,active,web
1978,912,4,2022-03-11,----------,active,web
1979,912,1,2022-04-17,----------,active,phyzical
1980,913,18,2021-02-23,2021-10-22,inactive,web
1981,913,5,2022-03-04,----------,active,web
1982,914,1,2022-02-23,----------,active,web
1983,914,2,2022-05-12,----------,active,web
1984,914,14,2022-05-17,----------,active,web
1985,915,1,2022-03-19,----------,active,web
1986,915,2,2022-04-18,----------,active,web
1987,915,14,2022-03-07,----------,active,web
1988,915,15,2022-04-18,----------,active,web
1989,916,1,2021-10-14,----------,active,phyzical
1990,916,2,2022-04-08,----------,active,phyzical
1991,917,14,2022-02-21,----------,active,phyzical
1992,917,15,2022-04-23,----------,active,web
1993,918,10,2021-10-23,----------,active,web
1994,918,13,2022-04-15,----------,active,web
1995,918,10,2020-12-26,----------,active,phyzical
1996,919,14,2022-04-20,----------,active,web
1997,920,9,2021-11-02,----------,active,phyzical
1998,921,18,2022-04-09,----------,active,phyzical
1999,922,10,2021-08-20,----------,active,web
2000,922,12,2022-01-07,----------,active,phyzical
2001,923,16,2021-07-17,2022-03-29,inactive,phyzical
2002,923,5,2021-05-05,----------,active,phyzical
2003,923,6,2022-04-14,----------,active,web
2004,924,16,2022-03-20,----------,active,phyzical
2005,924,5,2022-04-26,----------,active,web
2006,924,7,2022-04-26,----------,active,web
2007,925,5,2022-04-14,----------,active,phyzical
2008,925,7,2022-05-11,----------,active,web
2009,926,10,2020-08-21,----------,active,phyzical
2010,926,12,2021-06-08,----------,active,phyzical
2011,927,4,2020-05-15,----------,active,web
2012,927,14,2021-07-09,----------,active,web
2013,927,15,2021-12-06,----------,active,phyzical
2014,928,19,2022-01-15,----------,active,phyzical
2015,928,8,2022-03-08,----------,active,web
2016,929,1,2021-11-15,----------,active,web
2017,929,2,2022-05-08,----------,active,web
2018,929,3,2020-11-25,----------,active,phyzical
2019,930,14,2021-12-13,----------,active,web
2020,930,3,2021-04-28,----------,active,phyzical
2021,931,9,2022-02-15,----------,active,web
2022,932,17,2021-07-24,2021-08-27,inactive,phyzical
2023,932,14,2021-07-29,----------,active,web
2024,933,1,2021-01-23,----------,active,web
2025,933,10,2020-09-15,----------,active,phyzical
2026,933,11,2022-01-18,----------,active,web
2027,934,14,2020-10-11,----------,active,web
2028,934,15,2021-02-17,----------,active,web
2029,934,17,2022-01-06,----------,active,web
2030,935,3,2022-01-05,----------,active,web
2031,936,8,2021-05-29,----------,active,phyzical
2032,937,5,2022-02-24,----------,active,web
2033,938,1,2021-04-20,----------,active,web
2034,939,1,2021-04-09,2022-02-24,inactive,web
2035,939,2,2021-12-16,2022-02-17,inactive,web
2036,940,14,2022-03-06,----------,active,web
2037,940,5,2021-11-30,----------,active,web
2038,940,7,2022-01-01,----------,active,web
2039,941,10,2021-01-07,----------,active,web
2040,942,10,2022-03-14,----------,active,web
2041,942,12,2022-05-06,----------,active,web
2042,943,5,2021-08-05,----------,active,phyzical
2043,943,6,2021-08-06,----------,active,web
2044,944,14,2022-03-31,----------,active,web
2045,944,9,2021-09-23,----------,active,phyzical
2046,945,1,2022-05-16,----------,active,web
2047,946,14,2020-12-08,----------,active,web
2048,947,5,2022-04-29,----------,active,web
2049,947,7,2022-04-29,----------,active,web
2050,947,5,2022-04-29,----------,active,phyzical
2051,948,14,2022-05-12,----------,active,web
2052,948,15,2022-05-12,----------,active,web
2053,948,14,2021-11-20,----------,active,web
2054,948,15,2022-02-14,----------,active,phyzical
2055,949,10,2022-04-29,----------,active,web
2056,949,12,2022-04-29,----------,active,phyzical
2057,949,10,2022-04-29,----------,active,web
2058,950,19,2022-04-05,----------,active,web
2059,950,8,2021-10-09,----------,active,web
2060,951,9,2020-09-20,2022-05-04,inactive,phyzical
2061,951,17,2021-03-05,----------,active,web
2062,952,5,2021-10-22,----------,active,web
2063,952,5,2022-03-24,----------,active,web
2064,953,5,2022-05-16,----------,active,phyzical
2065,953,4,2022-02-13,----------,active,phyzical
2066,954,19,2020-12-18,----------,active,web
2067,954,20,2022-04-06,----------,active,web
2068,954,5,2021-05-25,----------,active,web
2069,955,19,2022-04-01,----------,active,web
2070,955,20,2022-04-19,----------,active,web
2071,956,14,2021-05-31,----------,active,web
2072,956,3,2021-04-01,----------,active,phyzical
2073,957,10,2022-04-29,----------,active,web
2074,957,11,2022-04-29,----------,active,web
2075,958,1,2021-10-03,----------,active,web
2076,959,19,2020-05-22,----------,active,web
2077,959,14,2021-12-27,----------,active,web
2078,960,8,2021-08-24,----------,active,web
2079,960,19,2022-04-11,----------,active,web
2080,961,1,2022-03-13,----------,active,web
2081,961,5,2021-10-03,----------,active,phyzical
2082,961,6,2022-01-07,2022-04-16,inactive,web
2083,962,3,2021-12-20,----------,active,web
2084,963,8,2021-12-10,----------,active,web
2085,963,5,2022-05-07,----------,active,web
2086,963,6,2022-05-07,----------,active,phyzical
2087,964,10,2021-05-04,----------,active,web
2088,964,12,2021-07-04,----------,active,phyzical
2089,965,10,2022-01-14,----------,active,web
2090,966,10,2022-05-16,----------,active,phyzical
2091,966,13,2022-05-16,----------,active,phyzical
2092,966,19,2022-05-16,----------,active,phyzical
2093,967,3,2022-03-28,----------,active,web
2094,968,17,2020-11-06,----------,active,phyzical
2095,968,19,2020-06-23,----------,active,web
2096,969,9,2022-01-14,----------,active,web
2097,969,5,2022-05-12,----------,active,web
2098,970,1,2021-11-30,----------,active,web
2099,970,2,2022-05-03,----------,active,phyzical
2100,970,14,2021-10-28,----------,active,web
2101,971,19,2021-09-18,----------,active,phyzical
2102,971,20,2021-10-29,----------,active,web
2103,972,5,2021-03-08,----------,active,web
2104,972,7,2021-11-26,----------,active,phyzical
2105,972,10,2020-08-09,----------,active,web
2106,972,11,2022-05-13,----------,active,web
2107,973,5,2021-05-23,----------,active,web
2108,973,7,2021-06-29,----------,active,phyzical
2109,974,9,2020-11-27,----------,active,web
2110,975,5,2021-03-14,----------,active,phyzical
2111,975,7,2021-07-11,----------,active,web
2112,975,10,2021-01-04,----------,active,phyzical
2113,976,16,2022-01-06,----------,active,web
2114,976,14,2021-09-02,2022-04-13,inactive,web
2115,977,10,2022-04-15,----------,active,web
2116,977,11,2022-04-17,----------,active,web
2117,978,19,2021-10-29,----------,active,web
2118,979,19,2020-08-12,----------,active,web
2119,980,19,2022-05-15,----------,active,web
2120,981,10,2021-12-25,----------,active,phyzical
2121,981,13,2022-04-30,----------,active,web
2122,982,1,2022-04-30,----------,active,phyzical
2123,982,2,2022-04-30,----------,active,web
2124,982,16,2022-04-30,----------,active,phyzical
2125,983,19,2021-12-21,2022-03-29,inactive,phyzical
2126,984,5,2021-06-11,----------,active,web
2127,984,7,2021-10-16,----------,active,phyzical
2128,985,4,2022-03-31,----------,active,web
2129,986,10,2021-12-30,----------,active,web
2130,986,12,2022-04-17,----------,active,web
2131,987,19,2020-06-27,----------,active,web
2132,987,10,2022-04-28,----------,active,phyzical
2133,988,5,2021-11-15,2022-04-03,inactive,web
2134,988,7,2022-02-08,2022-03-20,inactive,web
2135,989,10,2021-01-28,----------,active,web
2136,989,13,2022-04-10,----------,active,web
2137,989,10,2021-01-28,----------,active,phyzical
2138,989,12,2021-10-25,----------,active,web
2139,990,14,2022-04-10,----------,active,phyzical
2140,991,8,2022-02-12,----------,active,web
2141,992,3,2022-03-20,----------,active,phyzical
2142,993,1,2022-01-05,----------,active,web
2143,993,2,2022-01-12,----------,active,web
2144,993,19,2022-02-16,----------,active,web
2145,993,20,2022-03-19,----------,active,web
2146,994,1,2022-04-14,----------,active,web
2147,995,18,2020-09-27,----------,active,phyzical
2148,996,10,2021-08-11,----------,active,phyzical
2149,996,13,2022-03-27,----------,active,web
2150,996,5,2022-03-02,----------,active,web
2151,996,7,2022-04-01,----------,active,web
2152,997,9,2020-06-16,----------,active,web
2153,998,19,2021-06-03,----------,active,web
2154,999,10,2021-03-02,----------,active,phyzical
2155,1000,14,2021-10-02,----------,active,web
